{
"type": "FeatureCollection",
"name": "barrios",
"xy_coordinate_resolution": 1e-06,
"features": [
{ "type": "Feature", "properties": { "fid": 1, "STATEFP": "72", "COUNTYFP": "127", "COUSUBFP": "79693", "SUBMCDFP": "42932", "SUBMCDNS": "02415573", "GEOID": "721277969342932", "NAME": "Las Casas", "NAMELSAD": "Las Casas subbarrio", "LSAD": "51", "CLASSFP": "Z6", "MTFCC": "G4060", "FUNCSTAT": "N", "ALAND": 808183, "AWATER": 366162, "INTPTLAT": "+18.4311911", "INTPTLON": "-066.0396371" }, "geometry": { "type": "MultiPolygon", "coordinates": [ [ [ [ -66.037283, 18.429224 ], [ -66.036709, 18.429278 ], [ -66.036182, 18.429664 ], [ -66.035855, 18.430273 ], [ -66.036061, 18.430543 ], [ -66.036026, 18.430881 ], [ -66.035841, 18.431084 ], [ -66.03537, 18.431381 ], [ -66.034518, 18.431704 ], [ -66.034219, 18.432322 ], [ -66.033844, 18.433493 ], [ -66.033725, 18.433735 ], [ -66.033633, 18.433915 ], [ -66.033633, 18.43402 ], [ -66.033641, 18.434276 ], [ -66.033654, 18.434358 ], [ -66.033716, 18.434369 ], [ -66.034133, 18.434475 ], [ -66.034471, 18.434635 ], [ -66.03478, 18.434948 ], [ -66.034969, 18.435196 ], [ -66.035086, 18.435279 ], [ -66.035176, 18.435289 ], [ -66.035398, 18.435318 ], [ -66.035759, 18.435347 ], [ -66.036241, 18.435331 ], [ -66.036305, 18.436135 ], [ -66.036376, 18.436107 ], [ -66.036834, 18.436017 ], [ -66.036989, 18.435987 ], [ -66.037263, 18.435179 ], [ -66.037988, 18.435394 ], [ -66.03807, 18.435418 ], [ -66.03847, 18.435526 ], [ -66.038639, 18.435585 ], [ -66.038963, 18.435676 ], [ -66.039169, 18.435728 ], [ -66.039477, 18.435792 ], [ -66.039547, 18.435812 ], [ -66.039702, 18.435854 ], [ -66.040032, 18.435943 ], [ -66.040628, 18.436116 ], [ -66.041054, 18.436241 ], [ -66.041346, 18.436328 ], [ -66.041756, 18.436463 ], [ -66.042658, 18.436761 ], [ -66.042805, 18.436326 ], [ -66.042821, 18.436276 ], [ -66.042849, 18.436198 ], [ -66.042995, 18.435772 ], [ -66.043205, 18.435147 ], [ -66.043272, 18.435011 ], [ -66.043357, 18.434933 ], [ -66.04356, 18.434898 ], [ -66.043685, 18.434878 ], [ -66.044081, 18.434877 ], [ -66.044901, 18.434875 ], [ -66.045023, 18.434865 ], [ -66.044795, 18.434202 ], [ -66.04433, 18.432848 ], [ -66.044158, 18.432349 ], [ -66.044147, 18.432316 ], [ -66.044129, 18.432265 ], [ -66.044113, 18.43223 ], [ -66.044101, 18.432203 ], [ -66.044088, 18.432167 ], [ -66.044062, 18.432072 ], [ -66.044051, 18.432032 ], [ -66.044045, 18.432011 ], [ -66.044045, 18.431792 ], [ -66.044123, 18.431601 ], [ -66.044256, 18.431468 ], [ -66.044281, 18.431441 ], [ -66.044773, 18.431192 ], [ -66.044902, 18.43113 ], [ -66.045168, 18.431005 ], [ -66.045326, 18.43093 ], [ -66.045413, 18.430889 ], [ -66.045541, 18.430828 ], [ -66.045637, 18.430782 ], [ -66.045923, 18.430646 ], [ -66.046001, 18.430588 ], [ -66.04624, 18.430413 ], [ -66.046403, 18.430203 ], [ -66.046533, 18.430012 ], [ -66.04673, 18.429718 ], [ -66.046741, 18.4297 ], [ -66.046849, 18.429536 ], [ -66.046924, 18.429421 ], [ -66.047043, 18.42924 ], [ -66.047093, 18.429164 ], [ -66.047066, 18.429142 ], [ -66.04662, 18.428875 ], [ -66.04621, 18.428751 ], [ -66.045856, 18.428733 ], [ -66.045502, 18.428734 ], [ -66.045074, 18.428787 ], [ -66.044757, 18.428839 ], [ -66.044385, 18.428928 ], [ -66.043882, 18.429106 ], [ -66.043398, 18.429213 ], [ -66.0431, 18.42923 ], [ -66.042821, 18.42923 ], [ -66.042542, 18.429141 ], [ -66.042375, 18.429053 ], [ -66.04217, 18.428911 ], [ -66.041965, 18.428769 ], [ -66.041816, 18.428555 ], [ -66.041686, 18.428359 ], [ -66.041407, 18.428199 ], [ -66.041071, 18.428146 ], [ -66.040624, 18.428252 ], [ -66.040364, 18.428288 ], [ -66.040159, 18.428288 ], [ -66.039731, 18.428235 ], [ -66.039059, 18.428226 ], [ -66.038779, 18.428383 ], [ -66.037588, 18.429248 ], [ -66.037283, 18.429224 ] ] ] ] } },
{ "type": "Feature", "properties": { "fid": 2, "STATEFP": "72", "COUNTYFP": "127", "COUSUBFP": "79693", "SUBMCDFP": "30080", "SUBMCDNS": "02415430", "GEOID": "721277969330080", "NAME": "Gandul", "NAMELSAD": "Gandul subbarrio", "LSAD": "51", "CLASSFP": "Z6", "MTFCC": "G4060", "FUNCSTAT": "N", "ALAND": 169675, "AWATER": 0, "INTPTLAT": "+18.4503944", "INTPTLON": "-066.0788851" }, "geometry": { "type": "MultiPolygon", "coordinates": [ [ [ [ -66.081057, 18.448945 ], [ -66.081118, 18.448833 ], [ -66.080532, 18.448522 ], [ -66.079781, 18.448105 ], [ -66.079541, 18.44797 ], [ -66.079052, 18.447678 ], [ -66.078616, 18.447417 ], [ -66.078306, 18.447363 ], [ -66.078138, 18.44805 ], [ -66.078053, 18.448388 ], [ -66.078025, 18.448498 ], [ -66.077865, 18.449052 ], [ -66.077772, 18.449368 ], [ -66.077575, 18.449957 ], [ -66.077612, 18.449977 ], [ -66.077364, 18.450709 ], [ -66.077113, 18.451435 ], [ -66.076736, 18.452269 ], [ -66.076986, 18.452435 ], [ -66.077183, 18.452543 ], [ -66.077622, 18.452783 ], [ -66.077746, 18.452845 ], [ -66.078284, 18.453113 ], [ -66.07832, 18.453132 ], [ -66.078616, 18.453309 ], [ -66.078645, 18.453328 ], [ -66.078702, 18.453365 ], [ -66.078749, 18.453395 ], [ -66.078799, 18.453427 ], [ -66.078845, 18.453457 ], [ -66.078866, 18.453471 ], [ -66.0795, 18.452347 ], [ -66.080146, 18.451207 ], [ -66.080332, 18.450846 ], [ -66.080406, 18.450695 ], [ -66.080639, 18.450161 ], [ -66.080845, 18.449547 ], [ -66.081057, 18.448945 ] ] ] ] } },
{ "type": "Feature", "properties": { "fid": 3, "STATEFP": "72", "COUNTYFP": "127", "COUSUBFP": "79693", "SUBMCDFP": "53638", "SUBMCDNS": "02415686", "GEOID": "721277969353638", "NAME": "Miramar", "NAMELSAD": "Miramar subbarrio", "LSAD": "51", "CLASSFP": "Z6", "MTFCC": "G4060", "FUNCSTAT": "N", "ALAND": 631792, "AWATER": 65022, "INTPTLAT": "+18.4545602", "INTPTLON": "-066.0823900" }, "geometry": { "type": "MultiPolygon", "coordinates": [ [ [ [ -66.087047, 18.453433 ], [ -66.08704, 18.453311 ], [ -66.087025, 18.453092 ], [ -66.086957, 18.452825 ], [ -66.086791, 18.452483 ], [ -66.086746, 18.452431 ], [ -66.086595, 18.452256 ], [ -66.086265, 18.452002 ], [ -66.085249, 18.451432 ], [ -66.084953, 18.451261 ], [ -66.083726, 18.45051 ], [ -66.083358, 18.450253 ], [ -66.083229, 18.450128 ], [ -66.082896, 18.450011 ], [ -66.082418, 18.449717 ], [ -66.082334, 18.449671 ], [ -66.082012, 18.449493 ], [ -66.081247, 18.44895 ], [ -66.081187, 18.448872 ], [ -66.081118, 18.448833 ], [ -66.081057, 18.448945 ], [ -66.080845, 18.449547 ], [ -66.080639, 18.450161 ], [ -66.080406, 18.450695 ], [ -66.080332, 18.450846 ], [ -66.080146, 18.451207 ], [ -66.0795, 18.452347 ], [ -66.078866, 18.453471 ], [ -66.078845, 18.453457 ], [ -66.078738, 18.453636 ], [ -66.078272, 18.454596 ], [ -66.078191, 18.454711 ], [ -66.078132, 18.454818 ], [ -66.07807, 18.454929 ], [ -66.078107, 18.455077 ], [ -66.078064, 18.455252 ], [ -66.078024, 18.455415 ], [ -66.077712, 18.456375 ], [ -66.078445, 18.456702 ], [ -66.079397, 18.457132 ], [ -66.080856, 18.457651 ], [ -66.082176, 18.458082 ], [ -66.0842, 18.458611 ], [ -66.085688, 18.458921 ], [ -66.085916, 18.458969 ], [ -66.086291, 18.459024 ], [ -66.086282, 18.458957 ], [ -66.08625, 18.458708 ], [ -66.086219, 18.458455 ], [ -66.086172, 18.458057 ], [ -66.086196, 18.457934 ], [ -66.086248, 18.457659 ], [ -66.086277, 18.457584 ], [ -66.086304, 18.457516 ], [ -66.086336, 18.457432 ], [ -66.086494, 18.456948 ], [ -66.086614, 18.456483 ], [ -66.086685, 18.456402 ], [ -66.086752, 18.456123 ], [ -66.086875, 18.4554 ], [ -66.086949, 18.454612 ], [ -66.087019, 18.453808 ], [ -66.087047, 18.453433 ] ] ] ] } },
{ "type": "Feature", "properties": { "fid": 4, "STATEFP": "72", "COUNTYFP": "127", "COUSUBFP": "79693", "SUBMCDFP": "52900", "SUBMCDNS": "02415673", "GEOID": "721277969352900", "NAME": "Melilla", "NAMELSAD": "Melilla subbarrio", "LSAD": "51", "CLASSFP": "Z6", "MTFCC": "G4060", "FUNCSTAT": "N", "ALAND": 132693, "AWATER": 0, "INTPTLAT": "+18.4424815", "INTPTLON": "-066.0697603" }, "geometry": { "type": "MultiPolygon", "coordinates": [ [ [ [ -66.071543, 18.44123 ], [ -66.07157, 18.440897 ], [ -66.071417, 18.440763 ], [ -66.0714, 18.440759 ], [ -66.070893, 18.440644 ], [ -66.070733, 18.440627 ], [ -66.070409, 18.440624 ], [ -66.070199, 18.440634 ], [ -66.069346, 18.440694 ], [ -66.068817, 18.440723 ], [ -66.068582, 18.440691 ], [ -66.068375, 18.441278 ], [ -66.068264, 18.441613 ], [ -66.068074, 18.442156 ], [ -66.067859, 18.442744 ], [ -66.0676, 18.4433 ], [ -66.068293, 18.443648 ], [ -66.068862, 18.44393 ], [ -66.06947, 18.444201 ], [ -66.069887, 18.444476 ], [ -66.070016, 18.444579 ], [ -66.070173, 18.444703 ], [ -66.07023, 18.444748 ], [ -66.07038, 18.444867 ], [ -66.070645, 18.44507 ], [ -66.070683, 18.445099 ], [ -66.070787, 18.44463 ], [ -66.070831, 18.444449 ], [ -66.070944, 18.443925 ], [ -66.070961, 18.443858 ], [ -66.071089, 18.443269 ], [ -66.071105, 18.443187 ], [ -66.071226, 18.442674 ], [ -66.071354, 18.442131 ], [ -66.071471, 18.441585 ], [ -66.071543, 18.44123 ] ] ] ] } },
{ "type": "Feature", "properties": { "fid": 5, "STATEFP": "72", "COUNTYFP": "127", "COUSUBFP": "79693", "SUBMCDFP": "87136", "SUBMCDNS": "02416102", "GEOID": "721277969387136", "NAME": "Villa Palmeras", "NAMELSAD": "Villa Palmeras subbarrio", "LSAD": "51", "CLASSFP": "Z6", "MTFCC": "G4060", "FUNCSTAT": "N", "ALAND": 169058, "AWATER": 0, "INTPTLAT": "+18.4460737", "INTPTLON": "-066.0495715" }, "geometry": { "type": "MultiPolygon", "coordinates": [ [ [ [ -66.051726, 18.443019 ], [ -66.051302, 18.442888 ], [ -66.051041, 18.442805 ], [ -66.050843, 18.442741 ], [ -66.050484, 18.442617 ], [ -66.050337, 18.442555 ], [ -66.050253, 18.442514 ], [ -66.050014, 18.442396 ], [ -66.049296, 18.44415 ], [ -66.048586, 18.445893 ], [ -66.048287, 18.446588 ], [ -66.048213, 18.446743 ], [ -66.047777, 18.446724 ], [ -66.047751, 18.446912 ], [ -66.047733, 18.447048 ], [ -66.047723, 18.447127 ], [ -66.047708, 18.447428 ], [ -66.047675, 18.448151 ], [ -66.047611, 18.449424 ], [ -66.048753, 18.449583 ], [ -66.048855, 18.449598 ], [ -66.049373, 18.44967 ], [ -66.049477, 18.448679 ], [ -66.049502, 18.44844 ], [ -66.049581, 18.447277 ], [ -66.049582, 18.447177 ], [ -66.050573, 18.447256 ], [ -66.050604, 18.447122 ], [ -66.050627, 18.447026 ], [ -66.051255, 18.444705 ], [ -66.051726, 18.443019 ] ] ] ] } },
{ "type": "Feature", "properties": { "fid": 6, "STATEFP": "72", "COUNTYFP": "127", "COUSUBFP": "79693", "SUBMCDFP": "56950", "SUBMCDNS": "02415731", "GEOID": "721277969356950", "NAME": "Ocean Park", "NAMELSAD": "Ocean Park subbarrio", "LSAD": "51", "CLASSFP": "Z6", "MTFCC": "G4060", "FUNCSTAT": "N", "ALAND": 514905, "AWATER": 1626827, "INTPTLAT": "+18.4646287", "INTPTLON": "-066.0445899" }, "geometry": { "type": "MultiPolygon", "coordinates": [ [ [ [ -66.055198, 18.455025 ], [ -66.05524, 18.455026 ], [ -66.055279, 18.45468 ], [ -66.055322, 18.454459 ], [ -66.055358, 18.454021 ], [ -66.055451, 18.453346 ], [ -66.055532, 18.452746 ], [ -66.05576, 18.452378 ], [ -66.055852, 18.451733 ], [ -66.055944, 18.451084 ], [ -66.055609, 18.451047 ], [ -66.055156, 18.450982 ], [ -66.054655, 18.450909 ], [ -66.054064, 18.45077 ], [ -66.053629, 18.450633 ], [ -66.053512, 18.450585 ], [ -66.053189, 18.450453 ], [ -66.05316, 18.450441 ], [ -66.052756, 18.45027 ], [ -66.052313, 18.450093 ], [ -66.051946, 18.450003 ], [ -66.051877, 18.449994 ], [ -66.051537, 18.449954 ], [ -66.051306, 18.449933 ], [ -66.050349, 18.449806 ], [ -66.049545, 18.449694 ], [ -66.049373, 18.44967 ], [ -66.048855, 18.449598 ], [ -66.048753, 18.449583 ], [ -66.047611, 18.449424 ], [ -66.045952, 18.44924 ], [ -66.044978, 18.449137 ], [ -66.044678, 18.449149 ], [ -66.044223, 18.449337 ], [ -66.044296, 18.449785 ], [ -66.044428, 18.450135 ], [ -66.043574, 18.45059 ], [ -66.043503, 18.450641 ], [ -66.04346, 18.450752 ], [ -66.043842, 18.450817 ], [ -66.043792, 18.451453 ], [ -66.043771, 18.451807 ], [ -66.043745, 18.452233 ], [ -66.043729, 18.4529 ], [ -66.043678, 18.453084 ], [ -66.043698, 18.453081 ], [ -66.043746, 18.453075 ], [ -66.043815, 18.453063 ], [ -66.043903, 18.453055 ], [ -66.043976, 18.453043 ], [ -66.044065, 18.453022 ], [ -66.044179, 18.453001 ], [ -66.044303, 18.452979 ], [ -66.044447, 18.452939 ], [ -66.044557, 18.4529 ], [ -66.044676, 18.452892 ], [ -66.044755, 18.452888 ], [ -66.044848, 18.45288 ], [ -66.044865, 18.452879 ], [ -66.044954, 18.452862 ], [ -66.045054, 18.452846 ], [ -66.045115, 18.452837 ], [ -66.045204, 18.452842 ], [ -66.045278, 18.452829 ], [ -66.045363, 18.452827 ], [ -66.045482, 18.452788 ], [ -66.045568, 18.45277 ], [ -66.045682, 18.452797 ], [ -66.045821, 18.452804 ], [ -66.045933, 18.452777 ], [ -66.046008, 18.452789 ], [ -66.046056, 18.452781 ], [ -66.04616, 18.452775 ], [ -66.046253, 18.452781 ], [ -66.046334, 18.452776 ], [ -66.046404, 18.452746 ], [ -66.046488, 18.452725 ], [ -66.046597, 18.45272 ], [ -66.04669, 18.45272 ], [ -66.04675, 18.452723 ], [ -66.046808, 18.452728 ], [ -66.046901, 18.452734 ], [ -66.04698, 18.452756 ], [ -66.047031, 18.452774 ], [ -66.047066, 18.452779 ], [ -66.047085, 18.45278 ], [ -66.047113, 18.452783 ], [ -66.047174, 18.452767 ], [ -66.047246, 18.452741 ], [ -66.047445, 18.452741 ], [ -66.047492, 18.452739 ], [ -66.047598, 18.452748 ], [ -66.047703, 18.452744 ], [ -66.047816, 18.452752 ], [ -66.047873, 18.452742 ], [ -66.047959, 18.452758 ], [ -66.048038, 18.45279 ], [ -66.048107, 18.452803 ], [ -66.048183, 18.45282 ], [ -66.04827, 18.452853 ], [ -66.04833, 18.452861 ], [ -66.048431, 18.452878 ], [ -66.048543, 18.4529 ], [ -66.048594, 18.4529 ], [ -66.048663, 18.452928 ], [ -66.048761, 18.452967 ], [ -66.048936, 18.45301 ], [ -66.049137, 18.45305 ], [ -66.04925, 18.453092 ], [ -66.049415, 18.453156 ], [ -66.049445, 18.453167 ], [ -66.04959, 18.453225 ], [ -66.049675, 18.453256 ], [ -66.049753, 18.453284 ], [ -66.049767, 18.453291 ], [ -66.049819, 18.453315 ], [ -66.049897, 18.453362 ], [ -66.049948, 18.453376 ], [ -66.050027, 18.45338 ], [ -66.050149, 18.453404 ], [ -66.050221, 18.453424 ], [ -66.050251, 18.453464 ], [ -66.050356, 18.453508 ], [ -66.050444, 18.453558 ], [ -66.050505, 18.453604 ], [ -66.050512, 18.453605 ], [ -66.050612, 18.453663 ], [ -66.05069, 18.453711 ], [ -66.050747, 18.453749 ], [ -66.050764, 18.45376 ], [ -66.050837, 18.453815 ], [ -66.050891, 18.453852 ], [ -66.050973, 18.453907 ], [ -66.051023, 18.453945 ], [ -66.051071, 18.453976 ], [ -66.051131, 18.454012 ], [ -66.051203, 18.45406 ], [ -66.05125, 18.454091 ], [ -66.051295, 18.454126 ], [ -66.051345, 18.45417 ], [ -66.051415, 18.454233 ], [ -66.051467, 18.454267 ], [ -66.051561, 18.454317 ], [ -66.051635, 18.454375 ], [ -66.051701, 18.454414 ], [ -66.051782, 18.454455 ], [ -66.051898, 18.454501 ], [ -66.052003, 18.454537 ], [ -66.052028, 18.454545 ], [ -66.052102, 18.45457 ], [ -66.052178, 18.454595 ], [ -66.052289, 18.454632 ], [ -66.052375, 18.454659 ], [ -66.052452, 18.454678 ], [ -66.052515, 18.454695 ], [ -66.052609, 18.454721 ], [ -66.05271, 18.454754 ], [ -66.052822, 18.454786 ], [ -66.052965, 18.454827 ], [ -66.05307, 18.454843 ], [ -66.053181, 18.45485 ], [ -66.053282, 18.454872 ], [ -66.053434, 18.454902 ], [ -66.053535, 18.454937 ], [ -66.053624, 18.454947 ], [ -66.053713, 18.454955 ], [ -66.05381, 18.454984 ], [ -66.053901, 18.455014 ], [ -66.053933, 18.455022 ], [ -66.053998, 18.45503 ], [ -66.05407, 18.455034 ], [ -66.054105, 18.455033 ], [ -66.054153, 18.455049 ], [ -66.054203, 18.455053 ], [ -66.054266, 18.455056 ], [ -66.054331, 18.455056 ], [ -66.054434, 18.455069 ], [ -66.0545, 18.455081 ], [ -66.054558, 18.455076 ], [ -66.054653, 18.455064 ], [ -66.054679, 18.45506 ], [ -66.054784, 18.45505 ], [ -66.054884, 18.455058 ], [ -66.055007, 18.455053 ], [ -66.055075, 18.455043 ], [ -66.055198, 18.455025 ] ] ] ] } },
{ "type": "Feature", "properties": { "fid": 7, "STATEFP": "72", "COUNTYFP": "127", "COUSUBFP": "79693", "SUBMCDFP": "77204", "SUBMCDNS": "02416005", "GEOID": "721277969377204", "NAME": "San Mateo", "NAMELSAD": "San Mateo subbarrio", "LSAD": "51", "CLASSFP": "Z6", "MTFCC": "G4060", "FUNCSTAT": "N", "ALAND": 168805, "AWATER": 0, "INTPTLAT": "+18.4466832", "INTPTLON": "-066.0638061" }, "geometry": { "type": "MultiPolygon", "coordinates": [ [ [ [ -66.066045, 18.445204 ], [ -66.06648, 18.444696 ], [ -66.065556, 18.443984 ], [ -66.064792, 18.443413 ], [ -66.064481, 18.443172 ], [ -66.063911, 18.442702 ], [ -66.063768, 18.443128 ], [ -66.063697, 18.443342 ], [ -66.063481, 18.443988 ], [ -66.063371, 18.444048 ], [ -66.063291, 18.444059 ], [ -66.063252, 18.444205 ], [ -66.063013, 18.445666 ], [ -66.06272, 18.447502 ], [ -66.062629, 18.448107 ], [ -66.062597, 18.448259 ], [ -66.062572, 18.448378 ], [ -66.062541, 18.448526 ], [ -66.062244, 18.449418 ], [ -66.062068, 18.449968 ], [ -66.061885, 18.450532 ], [ -66.061801, 18.450944 ], [ -66.061721, 18.45172 ], [ -66.061687, 18.451783 ], [ -66.062472, 18.451893 ], [ -66.062771, 18.451921 ], [ -66.062962, 18.450802 ], [ -66.063078, 18.450133 ], [ -66.063085, 18.450102 ], [ -66.063165, 18.44962 ], [ -66.063265, 18.449041 ], [ -66.063288, 18.448903 ], [ -66.063334, 18.448692 ], [ -66.063377, 18.448565 ], [ -66.063415, 18.448459 ], [ -66.063435, 18.448404 ], [ -66.063475, 18.448312 ], [ -66.063592, 18.448154 ], [ -66.063722, 18.448002 ], [ -66.06411, 18.447537 ], [ -66.064769, 18.446761 ], [ -66.065085, 18.446345 ], [ -66.065684, 18.445626 ], [ -66.066045, 18.445204 ] ] ] ] } },
{ "type": "Feature", "properties": { "fid": 8, "STATEFP": "72", "COUNTYFP": "127", "COUSUBFP": "79693", "SUBMCDFP": "51625", "SUBMCDNS": "02415657", "GEOID": "721277969351625", "NAME": "Martín Peña", "NAMELSAD": "Martín Peña subbarrio", "LSAD": "51", "CLASSFP": "Z6", "MTFCC": "G4060", "FUNCSTAT": "N", "ALAND": 174641, "AWATER": 6020, "INTPTLAT": "+18.4379811", "INTPTLON": "-066.0610725" }, "geometry": { "type": "MultiPolygon", "coordinates": [ [ [ [ -66.059131, 18.433462 ], [ -66.059063, 18.433454 ], [ -66.059073, 18.433633 ], [ -66.059079, 18.433678 ], [ -66.059078, 18.433723 ], [ -66.059093, 18.434003 ], [ -66.059105, 18.434138 ], [ -66.059166, 18.434839 ], [ -66.059236, 18.435653 ], [ -66.059269, 18.436075 ], [ -66.059273, 18.436133 ], [ -66.059275, 18.436159 ], [ -66.059278, 18.436194 ], [ -66.059288, 18.436329 ], [ -66.059315, 18.4367 ], [ -66.059325, 18.436837 ], [ -66.059371, 18.437409 ], [ -66.059448, 18.437813 ], [ -66.059579, 18.438124 ], [ -66.059749, 18.438379 ], [ -66.059858, 18.438544 ], [ -66.059973, 18.438664 ], [ -66.060297, 18.439 ], [ -66.060321, 18.439026 ], [ -66.060818, 18.439611 ], [ -66.060962, 18.439786 ], [ -66.061235, 18.440109 ], [ -66.061383, 18.440282 ], [ -66.061443, 18.440349 ], [ -66.061707, 18.440646 ], [ -66.062001, 18.440973 ], [ -66.062107, 18.441092 ], [ -66.062324, 18.441313 ], [ -66.062662, 18.441655 ], [ -66.063132, 18.442068 ], [ -66.063737, 18.441396 ], [ -66.064206, 18.440869 ], [ -66.064644, 18.440403 ], [ -66.06478, 18.44021 ], [ -66.064846, 18.440117 ], [ -66.064781, 18.440105 ], [ -66.063984, 18.439953 ], [ -66.063604, 18.439866 ], [ -66.062889, 18.439487 ], [ -66.062355, 18.439067 ], [ -66.062259, 18.438959 ], [ -66.061938, 18.438562 ], [ -66.061572, 18.438087 ], [ -66.061115, 18.437487 ], [ -66.06093, 18.437258 ], [ -66.061392, 18.437207 ], [ -66.061001, 18.436686 ], [ -66.060418, 18.436061 ], [ -66.060428, 18.436032 ], [ -66.060432, 18.436014 ], [ -66.060455, 18.435913 ], [ -66.060487, 18.435771 ], [ -66.060527, 18.435593 ], [ -66.060646, 18.435084 ], [ -66.06064, 18.434822 ], [ -66.06063, 18.434193 ], [ -66.060477, 18.433628 ], [ -66.060441, 18.433497 ], [ -66.060436, 18.433481 ], [ -66.060356, 18.43323 ], [ -66.060225, 18.433271 ], [ -66.060182, 18.433284 ], [ -66.060062, 18.433373 ], [ -66.059857, 18.433462 ], [ -66.05984, 18.433465 ], [ -66.059804, 18.433487 ], [ -66.059779, 18.433477 ], [ -66.059577, 18.433516 ], [ -66.059354, 18.433497 ], [ -66.059131, 18.433462 ] ] ] ] } },
{ "type": "Feature", "properties": { "fid": 9, "STATEFP": "72", "COUNTYFP": "127", "COUSUBFP": "79693", "SUBMCDFP": "17590", "SUBMCDNS": "02414970", "GEOID": "721277969317590", "NAME": "Chícharo", "NAMELSAD": "Chícharo subbarrio", "LSAD": "51", "CLASSFP": "Z6", "MTFCC": "G4060", "FUNCSTAT": "N", "ALAND": 75739, "AWATER": 0, "INTPTLAT": "+18.4461583", "INTPTLON": "-066.0593813" }, "geometry": { "type": "MultiPolygon", "coordinates": [ [ [ [ -66.060492, 18.445124 ], [ -66.060723, 18.4443 ], [ -66.060316, 18.44426 ], [ -66.059782, 18.444205 ], [ -66.059641, 18.44419 ], [ -66.059498, 18.444178 ], [ -66.059349, 18.444166 ], [ -66.058961, 18.444134 ], [ -66.058713, 18.445469 ], [ -66.058521, 18.446539 ], [ -66.058251, 18.447981 ], [ -66.058244, 18.448099 ], [ -66.058237, 18.448231 ], [ -66.058486, 18.448278 ], [ -66.058726, 18.448314 ], [ -66.059016, 18.448344 ], [ -66.059547, 18.448371 ], [ -66.059595, 18.448212 ], [ -66.059634, 18.448087 ], [ -66.05986, 18.447054 ], [ -66.059976, 18.44658 ], [ -66.060069, 18.446424 ], [ -66.060221, 18.446173 ], [ -66.060287, 18.446064 ], [ -66.060323, 18.445904 ], [ -66.060416, 18.445478 ], [ -66.060447, 18.44533 ], [ -66.060492, 18.445124 ] ] ] ] } },
{ "type": "Feature", "properties": { "fid": 10, "STATEFP": "72", "COUNTYFP": "127", "COUSUBFP": "79693", "SUBMCDFP": "48355", "SUBMCDNS": "02415609", "GEOID": "721277969348355", "NAME": "Machuchal", "NAMELSAD": "Machuchal subbarrio", "LSAD": "51", "CLASSFP": "Z6", "MTFCC": "G4060", "FUNCSTAT": "N", "ALAND": 134173, "AWATER": 0, "INTPTLAT": "+18.4497109", "INTPTLON": "-066.0579442" }, "geometry": { "type": "MultiPolygon", "coordinates": [ [ [ [ -66.06004, 18.448446 ], [ -66.060056, 18.448358 ], [ -66.059547, 18.448371 ], [ -66.059016, 18.448344 ], [ -66.058726, 18.448314 ], [ -66.058486, 18.448278 ], [ -66.058237, 18.448231 ], [ -66.057862, 18.448155 ], [ -66.057734, 18.448129 ], [ -66.057094, 18.448001 ], [ -66.056302, 18.447821 ], [ -66.056301, 18.447942 ], [ -66.056203, 18.448429 ], [ -66.056162, 18.449255 ], [ -66.056003, 18.451087 ], [ -66.05638, 18.451129 ], [ -66.056456, 18.45113 ], [ -66.056808, 18.451165 ], [ -66.056923, 18.451176 ], [ -66.057294, 18.451205 ], [ -66.057359, 18.451215 ], [ -66.057871, 18.451277 ], [ -66.058239, 18.451331 ], [ -66.058319, 18.451342 ], [ -66.058642, 18.451388 ], [ -66.058825, 18.451415 ], [ -66.059331, 18.45149 ], [ -66.059655, 18.451536 ], [ -66.05976, 18.451145 ], [ -66.059505, 18.451073 ], [ -66.059672, 18.4503 ], [ -66.059855, 18.449423 ], [ -66.06004, 18.448446 ] ] ] ] } },
{ "type": "Feature", "properties": { "fid": 11, "STATEFP": "72", "COUNTYFP": "127", "COUSUBFP": "79693", "SUBMCDFP": "34770", "SUBMCDNS": "02415499", "GEOID": "721277969334770", "NAME": "Hipódromo", "NAMELSAD": "Hipódromo subbarrio", "LSAD": "51", "CLASSFP": "Z6", "MTFCC": "G4060", "FUNCSTAT": "N", "ALAND": 263788, "AWATER": 0, "INTPTLAT": "+18.4449703", "INTPTLON": "-066.0707513" }, "geometry": { "type": "MultiPolygon", "coordinates": [ [ [ [ -66.073927, 18.444884 ], [ -66.07415, 18.444633 ], [ -66.073632, 18.443983 ], [ -66.073453, 18.443675 ], [ -66.073246, 18.443228 ], [ -66.073034, 18.442918 ], [ -66.072597, 18.442182 ], [ -66.072301, 18.441823 ], [ -66.071758, 18.44115 ], [ -66.07157, 18.440897 ], [ -66.071543, 18.44123 ], [ -66.071471, 18.441585 ], [ -66.071354, 18.442131 ], [ -66.071226, 18.442674 ], [ -66.071105, 18.443187 ], [ -66.071089, 18.443269 ], [ -66.070961, 18.443858 ], [ -66.070944, 18.443925 ], [ -66.070831, 18.444449 ], [ -66.070787, 18.44463 ], [ -66.070683, 18.445099 ], [ -66.070645, 18.44507 ], [ -66.07038, 18.444867 ], [ -66.07023, 18.444748 ], [ -66.070173, 18.444703 ], [ -66.070016, 18.444579 ], [ -66.069887, 18.444476 ], [ -66.06947, 18.444201 ], [ -66.068862, 18.44393 ], [ -66.068293, 18.443648 ], [ -66.0676, 18.4433 ], [ -66.067204, 18.443852 ], [ -66.06648, 18.444696 ], [ -66.066912, 18.445028 ], [ -66.067004, 18.445099 ], [ -66.067312, 18.445336 ], [ -66.067687, 18.445623 ], [ -66.067899, 18.445784 ], [ -66.067956, 18.445827 ], [ -66.068329, 18.446108 ], [ -66.068394, 18.446156 ], [ -66.068583, 18.446298 ], [ -66.068788, 18.446451 ], [ -66.069124, 18.446706 ], [ -66.069259, 18.446796 ], [ -66.069395, 18.446906 ], [ -66.069436, 18.446937 ], [ -66.069542, 18.447017 ], [ -66.069813, 18.447218 ], [ -66.071145, 18.448237 ], [ -66.071628, 18.447647 ], [ -66.071725, 18.447536 ], [ -66.072106, 18.447083 ], [ -66.072548, 18.446542 ], [ -66.073051, 18.445932 ], [ -66.073536, 18.445355 ], [ -66.073927, 18.444884 ] ] ] ] } },
{ "type": "Feature", "properties": { "fid": 12, "STATEFP": "72", "COUNTYFP": "127", "COUSUBFP": "79693", "SUBMCDFP": "34790", "SUBMCDNS": "02415500", "GEOID": "721277969334790", "NAME": "Hoare", "NAMELSAD": "Hoare subbarrio", "LSAD": "51", "CLASSFP": "Z6", "MTFCC": "G4060", "FUNCSTAT": "N", "ALAND": 365899, "AWATER": 420482, "INTPTLAT": "+18.4469800", "INTPTLON": "-066.0845368" }, "geometry": { "type": "MultiPolygon", "coordinates": [ [ [ [ -66.082882, 18.443899 ], [ -66.082861, 18.443902 ], [ -66.082852, 18.44391 ], [ -66.082842, 18.443927 ], [ -66.082842, 18.443939 ], [ -66.082852, 18.443954 ], [ -66.082872, 18.443968 ], [ -66.082895, 18.443976 ], [ -66.082915, 18.443977 ], [ -66.082934, 18.443974 ], [ -66.082953, 18.443961 ], [ -66.082967, 18.44394 ], [ -66.082956, 18.443922 ], [ -66.082934, 18.443904 ], [ -66.082901, 18.443899 ], [ -66.082882, 18.443899 ] ] ], [ [ [ -66.085459, 18.441718 ], [ -66.08235, 18.439516 ], [ -66.080984, 18.4411 ], [ -66.080828, 18.441274 ], [ -66.080614, 18.441513 ], [ -66.079386, 18.442905 ], [ -66.079113, 18.443214 ], [ -66.079049, 18.443287 ], [ -66.078969, 18.443378 ], [ -66.078419, 18.443966 ], [ -66.078788, 18.4443 ], [ -66.07912, 18.444444 ], [ -66.07946, 18.444453 ], [ -66.079888, 18.44438 ], [ -66.080264, 18.444327 ], [ -66.080591, 18.444372 ], [ -66.080641, 18.444393 ], [ -66.081463, 18.445009 ], [ -66.081655, 18.445181 ], [ -66.081933, 18.4454 ], [ -66.082004, 18.445445 ], [ -66.081928, 18.445532 ], [ -66.081855, 18.445628 ], [ -66.081796, 18.445805 ], [ -66.081779, 18.446346 ], [ -66.081768, 18.446679 ], [ -66.081719, 18.447039 ], [ -66.081711, 18.447096 ], [ -66.081569, 18.447525 ], [ -66.08134, 18.448218 ], [ -66.081263, 18.448428 ], [ -66.081118, 18.448833 ], [ -66.081187, 18.448872 ], [ -66.081247, 18.44895 ], [ -66.082012, 18.449493 ], [ -66.082334, 18.449671 ], [ -66.082418, 18.449717 ], [ -66.082896, 18.450011 ], [ -66.083229, 18.450128 ], [ -66.083358, 18.450253 ], [ -66.083726, 18.45051 ], [ -66.084953, 18.451261 ], [ -66.085249, 18.451432 ], [ -66.086265, 18.452002 ], [ -66.086595, 18.452256 ], [ -66.086746, 18.452431 ], [ -66.086941, 18.452369 ], [ -66.087164, 18.452176 ], [ -66.087393, 18.45198 ], [ -66.087471, 18.451913 ], [ -66.087618, 18.451789 ], [ -66.086944, 18.451071 ], [ -66.085967, 18.449172 ], [ -66.085778, 18.449263 ], [ -66.086063, 18.448689 ], [ -66.086556, 18.447968 ], [ -66.086549, 18.447969 ], [ -66.086539, 18.447971 ], [ -66.086528, 18.447976 ], [ -66.086519, 18.447982 ], [ -66.08651, 18.447989 ], [ -66.086504, 18.447996 ], [ -66.086495, 18.448003 ], [ -66.086492, 18.448005 ], [ -66.086491, 18.448005 ], [ -66.086484, 18.448005 ], [ -66.086481, 18.448004 ], [ -66.08648, 18.448003 ], [ -66.086471, 18.447998 ], [ -66.08646, 18.447993 ], [ -66.086451, 18.447989 ], [ -66.086442, 18.447984 ], [ -66.086441, 18.447981 ], [ -66.086441, 18.44798 ], [ -66.086443, 18.44797 ], [ -66.086444, 18.44796 ], [ -66.086444, 18.447958 ], [ -66.086443, 18.447956 ], [ -66.086441, 18.447954 ], [ -66.08644, 18.447952 ], [ -66.08643, 18.447945 ], [ -66.086421, 18.447939 ], [ -66.086411, 18.447933 ], [ -66.086401, 18.447929 ], [ -66.086391, 18.447926 ], [ -66.086389, 18.447925 ], [ -66.08638, 18.447919 ], [ -66.086371, 18.447913 ], [ -66.086361, 18.447905 ], [ -66.086352, 18.447899 ], [ -66.086343, 18.447891 ], [ -66.086334, 18.447881 ], [ -66.086326, 18.447871 ], [ -66.086322, 18.447867 ], [ -66.086316, 18.447862 ], [ -66.086307, 18.447854 ], [ -66.086296, 18.447844 ], [ -66.086286, 18.447831 ], [ -66.086279, 18.447824 ], [ -66.086272, 18.447818 ], [ -66.086263, 18.44781 ], [ -66.086256, 18.447802 ], [ -66.086248, 18.447793 ], [ -66.086244, 18.447787 ], [ -66.086239, 18.447782 ], [ -66.086236, 18.447777 ], [ -66.086233, 18.447772 ], [ -66.086231, 18.447767 ], [ -66.086228, 18.447762 ], [ -66.086226, 18.447758 ], [ -66.086224, 18.447754 ], [ -66.086222, 18.447749 ], [ -66.08622, 18.447745 ], [ -66.086218, 18.44774 ], [ -66.086215, 18.447736 ], [ -66.086212, 18.447732 ], [ -66.086209, 18.447728 ], [ -66.086207, 18.447725 ], [ -66.086204, 18.447721 ], [ -66.086201, 18.447717 ], [ -66.086198, 18.447713 ], [ -66.086184, 18.447699 ], [ -66.086182, 18.447698 ], [ -66.086174, 18.447693 ], [ -66.086159, 18.447686 ], [ -66.086154, 18.447684 ], [ -66.086147, 18.447681 ], [ -66.086137, 18.447678 ], [ -66.086136, 18.447677 ], [ -66.086125, 18.447676 ], [ -66.086114, 18.447672 ], [ -66.086102, 18.447668 ], [ -66.086092, 18.447668 ], [ -66.086082, 18.447665 ], [ -66.086074, 18.447661 ], [ -66.086064, 18.447656 ], [ -66.086054, 18.44765 ], [ -66.086046, 18.447644 ], [ -66.086039, 18.447636 ], [ -66.086024, 18.447622 ], [ -66.086012, 18.447615 ], [ -66.085999, 18.447608 ], [ -66.085987, 18.447603 ], [ -66.085976, 18.447597 ], [ -66.085963, 18.447591 ], [ -66.085951, 18.447585 ], [ -66.085941, 18.447581 ], [ -66.085931, 18.447577 ], [ -66.085921, 18.447574 ], [ -66.085908, 18.44757 ], [ -66.085882, 18.447568 ], [ -66.085871, 18.447567 ], [ -66.085855, 18.447568 ], [ -66.085845, 18.447567 ], [ -66.085834, 18.447567 ], [ -66.085822, 18.447567 ], [ -66.085807, 18.447567 ], [ -66.085794, 18.447566 ], [ -66.085784, 18.447565 ], [ -66.085775, 18.447563 ], [ -66.085763, 18.447564 ], [ -66.085758, 18.447565 ], [ -66.085748, 18.44757 ], [ -66.085747, 18.447572 ], [ -66.085743, 18.447574 ], [ -66.08574, 18.447575 ], [ -66.085738, 18.447575 ], [ -66.085729, 18.447573 ], [ -66.085718, 18.447564 ], [ -66.085716, 18.447561 ], [ -66.085715, 18.447558 ], [ -66.085714, 18.447553 ], [ -66.085713, 18.447543 ], [ -66.085711, 18.447533 ], [ -66.085708, 18.447524 ], [ -66.085702, 18.447514 ], [ -66.085694, 18.447504 ], [ -66.08568, 18.447481 ], [ -66.085672, 18.447464 ], [ -66.085668, 18.447449 ], [ -66.085665, 18.44744 ], [ -66.085663, 18.44743 ], [ -66.085659, 18.447421 ], [ -66.085657, 18.447412 ], [ -66.085655, 18.447402 ], [ -66.085651, 18.447391 ], [ -66.085642, 18.447372 ], [ -66.085633, 18.447363 ], [ -66.085623, 18.447361 ], [ -66.085606, 18.447361 ], [ -66.085584, 18.447364 ], [ -66.085568, 18.447367 ], [ -66.085557, 18.447368 ], [ -66.085543, 18.447367 ], [ -66.085533, 18.447364 ], [ -66.085518, 18.44736 ], [ -66.085506, 18.447352 ], [ -66.085498, 18.447341 ], [ -66.085498, 18.447337 ], [ -66.085496, 18.447327 ], [ -66.085493, 18.447318 ], [ -66.085488, 18.447307 ], [ -66.085481, 18.447296 ], [ -66.085469, 18.447281 ], [ -66.085461, 18.447273 ], [ -66.08545, 18.447262 ], [ -66.085442, 18.447253 ], [ -66.085435, 18.447247 ], [ -66.085423, 18.447238 ], [ -66.085414, 18.447232 ], [ -66.085401, 18.447222 ], [ -66.085389, 18.44721 ], [ -66.08538, 18.447198 ], [ -66.08537, 18.447185 ], [ -66.085363, 18.447179 ], [ -66.085362, 18.447178 ], [ -66.085347, 18.447181 ], [ -66.085338, 18.447187 ], [ -66.085325, 18.447203 ], [ -66.085315, 18.44721 ], [ -66.085314, 18.447211 ], [ -66.085306, 18.447216 ], [ -66.085296, 18.447222 ], [ -66.085282, 18.447229 ], [ -66.085271, 18.447232 ], [ -66.085261, 18.447232 ], [ -66.085249, 18.447232 ], [ -66.085237, 18.44723 ], [ -66.08523, 18.447227 ], [ -66.085228, 18.447225 ], [ -66.085228, 18.447224 ], [ -66.085225, 18.447215 ], [ -66.085226, 18.447212 ], [ -66.085226, 18.447201 ], [ -66.085225, 18.44719 ], [ -66.085222, 18.447181 ], [ -66.085217, 18.447173 ], [ -66.085209, 18.447166 ], [ -66.085201, 18.447161 ], [ -66.085191, 18.447157 ], [ -66.085182, 18.447155 ], [ -66.085168, 18.447153 ], [ -66.085158, 18.447154 ], [ -66.085144, 18.447156 ], [ -66.085135, 18.447159 ], [ -66.085123, 18.447165 ], [ -66.085116, 18.447175 ], [ -66.085109, 18.447185 ], [ -66.085102, 18.447193 ], [ -66.085096, 18.447201 ], [ -66.085088, 18.447207 ], [ -66.085078, 18.447206 ], [ -66.085063, 18.447199 ], [ -66.085055, 18.447194 ], [ -66.085045, 18.447188 ], [ -66.085034, 18.447181 ], [ -66.085022, 18.447176 ], [ -66.085014, 18.447171 ], [ -66.085003, 18.447165 ], [ -66.084994, 18.44716 ], [ -66.084982, 18.447154 ], [ -66.084974, 18.44715 ], [ -66.084963, 18.447145 ], [ -66.084891, 18.447103 ], [ -66.084886, 18.447096 ], [ -66.084888, 18.447084 ], [ -66.084921, 18.447067 ], [ -66.084941, 18.447046 ], [ -66.084952, 18.447027 ], [ -66.084952, 18.447004 ], [ -66.084922, 18.446981 ], [ -66.084901, 18.446959 ], [ -66.08489, 18.446942 ], [ -66.084887, 18.446919 ], [ -66.084891, 18.446887 ], [ -66.084891, 18.446866 ], [ -66.084888, 18.446832 ], [ -66.084888, 18.44683 ], [ -66.084898, 18.446782 ], [ -66.08492, 18.44672 ], [ -66.084928, 18.446684 ], [ -66.084931, 18.446645 ], [ -66.084932, 18.446595 ], [ -66.084926, 18.44654 ], [ -66.084917, 18.446509 ], [ -66.084897, 18.446455 ], [ -66.084857, 18.44641 ], [ -66.084828, 18.446387 ], [ -66.084805, 18.446364 ], [ -66.084776, 18.446337 ], [ -66.084741, 18.446304 ], [ -66.084715, 18.446279 ], [ -66.084684, 18.446249 ], [ -66.08463, 18.446215 ], [ -66.084597, 18.446197 ], [ -66.084568, 18.446177 ], [ -66.084538, 18.446156 ], [ -66.084508, 18.446131 ], [ -66.084467, 18.446098 ], [ -66.084422, 18.446059 ], [ -66.084363, 18.445998 ], [ -66.084334, 18.445966 ], [ -66.084291, 18.445932 ], [ -66.084268, 18.445921 ], [ -66.084235, 18.445912 ], [ -66.084202, 18.445896 ], [ -66.084174, 18.445874 ], [ -66.084149, 18.44585 ], [ -66.084125, 18.445826 ], [ -66.084091, 18.4458 ], [ -66.084052, 18.44576 ], [ -66.08405, 18.445738 ], [ -66.084059, 18.445714 ], [ -66.084114, 18.445704 ], [ -66.084141, 18.445689 ], [ -66.084149, 18.445657 ], [ -66.084136, 18.445632 ], [ -66.084115, 18.445619 ], [ -66.084081, 18.445579 ], [ -66.08404, 18.445551 ], [ -66.083999, 18.445551 ], [ -66.083973, 18.445559 ], [ -66.083961, 18.445583 ], [ -66.083961, 18.445633 ], [ -66.08395, 18.445661 ], [ -66.083933, 18.445686 ], [ -66.083919, 18.445692 ], [ -66.083894, 18.445691 ], [ -66.083876, 18.445687 ], [ -66.083848, 18.445671 ], [ -66.083817, 18.445648 ], [ -66.083771, 18.445613 ], [ -66.083728, 18.445575 ], [ -66.083694, 18.445539 ], [ -66.083673, 18.445503 ], [ -66.083653, 18.445473 ], [ -66.083612, 18.445424 ], [ -66.083574, 18.445405 ], [ -66.083548, 18.445396 ], [ -66.083514, 18.44539 ], [ -66.083469, 18.445383 ], [ -66.083444, 18.445372 ], [ -66.083424, 18.445355 ], [ -66.083414, 18.445338 ], [ -66.083418, 18.445326 ], [ -66.083441, 18.445301 ], [ -66.083449, 18.445272 ], [ -66.083461, 18.445251 ], [ -66.083481, 18.445234 ], [ -66.083525, 18.445219 ], [ -66.083543, 18.4452 ], [ -66.083551, 18.445177 ], [ -66.083554, 18.445127 ], [ -66.083552, 18.44509 ], [ -66.083544, 18.445053 ], [ -66.08353, 18.445007 ], [ -66.083509, 18.444966 ], [ -66.083488, 18.444929 ], [ -66.08347, 18.444891 ], [ -66.083452, 18.444849 ], [ -66.083435, 18.444806 ], [ -66.083415, 18.444774 ], [ -66.083388, 18.444743 ], [ -66.083351, 18.444681 ], [ -66.083296, 18.444637 ], [ -66.083246, 18.444642 ], [ -66.08319, 18.444641 ], [ -66.083141, 18.444612 ], [ -66.083117, 18.444571 ], [ -66.083127, 18.44455 ], [ -66.083153, 18.444525 ], [ -66.08316, 18.444501 ], [ -66.083114, 18.444431 ], [ -66.08309, 18.444395 ], [ -66.083071, 18.444359 ], [ -66.08305, 18.444314 ], [ -66.083023, 18.444266 ], [ -66.08298, 18.444221 ], [ -66.082941, 18.444185 ], [ -66.082877, 18.444139 ], [ -66.082816, 18.444119 ], [ -66.082782, 18.44411 ], [ -66.082753, 18.444094 ], [ -66.082728, 18.444067 ], [ -66.082713, 18.444025 ], [ -66.082713, 18.443989 ], [ -66.082746, 18.44394 ], [ -66.08276, 18.443909 ], [ -66.08276, 18.443886 ], [ -66.082741, 18.44386 ], [ -66.082702, 18.443817 ], [ -66.082632, 18.443743 ], [ -66.082579, 18.44368 ], [ -66.082545, 18.443662 ], [ -66.082518, 18.443671 ], [ -66.082491, 18.44369 ], [ -66.08248, 18.44371 ], [ -66.082479, 18.443738 ], [ -66.082456, 18.443764 ], [ -66.082416, 18.443776 ], [ -66.08236, 18.443777 ], [ -66.082321, 18.443773 ], [ -66.082277, 18.443771 ], [ -66.082244, 18.443773 ], [ -66.082221, 18.443784 ], [ -66.082178, 18.443813 ], [ -66.082115, 18.44385 ], [ -66.08207, 18.443871 ], [ -66.082028, 18.443885 ], [ -66.08202, 18.443886 ], [ -66.08202, 18.443886 ], [ -66.081975, 18.443888 ], [ -66.081949, 18.44388 ], [ -66.08192, 18.443861 ], [ -66.081893, 18.443836 ], [ -66.081874, 18.44379 ], [ -66.081866, 18.443772 ], [ -66.081849, 18.443733 ], [ -66.081842, 18.443699 ], [ -66.081844, 18.443694 ], [ -66.081856, 18.443659 ], [ -66.081895, 18.443633 ], [ -66.081925, 18.44362 ], [ -66.081958, 18.443587 ], [ -66.081976, 18.443562 ], [ -66.081962, 18.443541 ], [ -66.081922, 18.443502 ], [ -66.081897, 18.443474 ], [ -66.081865, 18.443429 ], [ -66.081846, 18.443376 ], [ -66.081835, 18.443322 ], [ -66.081825, 18.443257 ], [ -66.081814, 18.443205 ], [ -66.081808, 18.443162 ], [ -66.081808, 18.443125 ], [ -66.081812, 18.44307 ], [ -66.081812, 18.442998 ], [ -66.081807, 18.442939 ], [ -66.081798, 18.442881 ], [ -66.081793, 18.442817 ], [ -66.081789, 18.442745 ], [ -66.081785, 18.442675 ], [ -66.081774, 18.442607 ], [ -66.081755, 18.442545 ], [ -66.081746, 18.442499 ], [ -66.081735, 18.442453 ], [ -66.081707, 18.442396 ], [ -66.081673, 18.442336 ], [ -66.081659, 18.442317 ], [ -66.081651, 18.442306 ], [ -66.081625, 18.44227 ], [ -66.081626, 18.442219 ], [ -66.081645, 18.442208 ], [ -66.081657, 18.442201 ], [ -66.08168, 18.442194 ], [ -66.08172, 18.442209 ], [ -66.081776, 18.442236 ], [ -66.081806, 18.442279 ], [ -66.081818, 18.442342 ], [ -66.081839, 18.44238 ], [ -66.081854, 18.442414 ], [ -66.081847, 18.442451 ], [ -66.081829, 18.442487 ], [ -66.081829, 18.442502 ], [ -66.081832, 18.442541 ], [ -66.081853, 18.442608 ], [ -66.08187, 18.442651 ], [ -66.081912, 18.442686 ], [ -66.08193, 18.44269 ], [ -66.081941, 18.442676 ], [ -66.08194, 18.442633 ], [ -66.081944, 18.442591 ], [ -66.081963, 18.442577 ], [ -66.082003, 18.442587 ], [ -66.082036, 18.442611 ], [ -66.082067, 18.442655 ], [ -66.082109, 18.442746 ], [ -66.082139, 18.442842 ], [ -66.082149, 18.442886 ], [ -66.082138, 18.442923 ], [ -66.082096, 18.442954 ], [ -66.082057, 18.44295 ], [ -66.082024, 18.442922 ], [ -66.082004, 18.442884 ], [ -66.081977, 18.442845 ], [ -66.081929, 18.442832 ], [ -66.081888, 18.442851 ], [ -66.081869, 18.442875 ], [ -66.081867, 18.442927 ], [ -66.081871, 18.443 ], [ -66.081855, 18.443083 ], [ -66.081855, 18.443106 ], [ -66.08188, 18.443144 ], [ -66.081899, 18.4432 ], [ -66.081921, 18.443256 ], [ -66.081961, 18.443319 ], [ -66.081974, 18.443349 ], [ -66.081996, 18.443397 ], [ -66.082025, 18.443438 ], [ -66.082097, 18.44351 ], [ -66.082138, 18.443556 ], [ -66.082174, 18.443584 ], [ -66.082218, 18.443599 ], [ -66.08225, 18.4436 ], [ -66.082284, 18.443594 ], [ -66.082334, 18.443599 ], [ -66.082369, 18.443589 ], [ -66.082399, 18.443566 ], [ -66.082428, 18.443535 ], [ -66.082442, 18.443501 ], [ -66.082448, 18.44346 ], [ -66.082446, 18.443427 ], [ -66.082433, 18.443403 ], [ -66.082402, 18.44337 ], [ -66.08234, 18.443336 ], [ -66.082317, 18.443314 ], [ -66.082305, 18.443306 ], [ -66.082275, 18.443283 ], [ -66.082257, 18.44326 ], [ -66.082252, 18.443233 ], [ -66.082263, 18.443212 ], [ -66.082283, 18.443182 ], [ -66.082297, 18.443153 ], [ -66.082291, 18.443124 ], [ -66.082262, 18.443069 ], [ -66.082258, 18.443044 ], [ -66.082254, 18.443009 ], [ -66.082252, 18.442961 ], [ -66.082248, 18.442906 ], [ -66.082242, 18.442858 ], [ -66.082239, 18.442787 ], [ -66.082235, 18.442718 ], [ -66.082227, 18.442657 ], [ -66.082214, 18.442615 ], [ -66.082202, 18.442581 ], [ -66.082191, 18.442534 ], [ -66.082185, 18.442474 ], [ -66.082193, 18.44243 ], [ -66.082222, 18.442389 ], [ -66.08228, 18.442359 ], [ -66.082291, 18.442328 ], [ -66.082266, 18.442297 ], [ -66.08224, 18.442276 ], [ -66.082196, 18.442229 ], [ -66.082183, 18.442196 ], [ -66.082205, 18.442168 ], [ -66.082249, 18.442149 ], [ -66.082262, 18.442088 ], [ -66.08226, 18.442048 ], [ -66.082216, 18.441983 ], [ -66.082215, 18.441963 ], [ -66.082226, 18.44195 ], [ -66.082247, 18.44194 ], [ -66.082264, 18.441919 ], [ -66.082266, 18.441887 ], [ -66.082263, 18.441851 ], [ -66.082253, 18.441817 ], [ -66.082253, 18.441755 ], [ -66.082243, 18.441691 ], [ -66.082215, 18.441636 ], [ -66.082185, 18.441575 ], [ -66.082146, 18.441507 ], [ -66.08212, 18.441454 ], [ -66.082107, 18.441417 ], [ -66.082098, 18.441382 ], [ -66.082097, 18.44134 ], [ -66.082093, 18.44128 ], [ -66.082094, 18.441213 ], [ -66.082084, 18.441176 ], [ -66.082057, 18.441133 ], [ -66.082045, 18.441086 ], [ -66.082073, 18.441038 ], [ -66.082099, 18.441016 ], [ -66.082128, 18.441019 ], [ -66.082162, 18.441025 ], [ -66.08218, 18.441023 ], [ -66.082202, 18.440988 ], [ -66.082209, 18.440945 ], [ -66.082222, 18.440917 ], [ -66.082247, 18.440874 ], [ -66.082259, 18.440847 ], [ -66.082282, 18.440797 ], [ -66.082305, 18.440747 ], [ -66.082321, 18.440696 ], [ -66.082334, 18.440667 ], [ -66.082352, 18.44066 ], [ -66.082403, 18.440674 ], [ -66.082431, 18.440696 ], [ -66.082424, 18.440714 ], [ -66.082394, 18.440726 ], [ -66.082387, 18.440764 ], [ -66.082399, 18.440788 ], [ -66.082409, 18.440786 ], [ -66.082425, 18.440777 ], [ -66.082456, 18.440771 ], [ -66.082492, 18.440777 ], [ -66.082511, 18.440785 ], [ -66.082521, 18.440811 ], [ -66.082526, 18.440848 ], [ -66.082535, 18.440924 ], [ -66.082539, 18.441012 ], [ -66.082545, 18.441099 ], [ -66.082559, 18.441166 ], [ -66.08258, 18.441235 ], [ -66.0826, 18.441287 ], [ -66.082631, 18.441343 ], [ -66.08266, 18.44139 ], [ -66.08268, 18.441427 ], [ -66.082727, 18.441478 ], [ -66.082744, 18.441478 ], [ -66.082807, 18.441471 ], [ -66.082849, 18.441483 ], [ -66.082862, 18.441513 ], [ -66.082877, 18.441545 ], [ -66.08289, 18.441579 ], [ -66.082904, 18.441613 ], [ -66.082914, 18.441627 ], [ -66.082953, 18.441652 ], [ -66.08301, 18.441674 ], [ -66.083032, 18.441691 ], [ -66.083041, 18.441715 ], [ -66.083048, 18.441753 ], [ -66.08306, 18.441806 ], [ -66.083079, 18.441868 ], [ -66.083097, 18.441913 ], [ -66.083132, 18.441954 ], [ -66.083181, 18.44202 ], [ -66.083239, 18.442061 ], [ -66.083306, 18.442091 ], [ -66.083364, 18.442129 ], [ -66.083446, 18.442172 ], [ -66.083472, 18.442179 ], [ -66.083514, 18.442168 ], [ -66.083572, 18.442154 ], [ -66.083635, 18.44217 ], [ -66.083686, 18.44219 ], [ -66.083732, 18.4422 ], [ -66.083779, 18.442194 ], [ -66.083806, 18.442199 ], [ -66.083854, 18.442242 ], [ -66.083906, 18.442258 ], [ -66.083941, 18.442259 ], [ -66.083962, 18.442257 ], [ -66.083983, 18.442241 ], [ -66.083996, 18.442225 ], [ -66.084007, 18.442195 ], [ -66.084027, 18.442159 ], [ -66.084051, 18.442126 ], [ -66.084076, 18.442115 ], [ -66.084108, 18.442072 ], [ -66.084083, 18.442036 ], [ -66.084094, 18.442019 ], [ -66.08412, 18.441992 ], [ -66.084149, 18.441964 ], [ -66.084176, 18.441925 ], [ -66.084183, 18.441879 ], [ -66.084183, 18.441839 ], [ -66.084186, 18.441807 ], [ -66.084203, 18.441736 ], [ -66.0842, 18.441699 ], [ -66.084192, 18.441676 ], [ -66.084185, 18.441668 ], [ -66.084144, 18.44164 ], [ -66.084134, 18.441594 ], [ -66.084132, 18.44155 ], [ -66.084142, 18.44151 ], [ -66.084162, 18.441491 ], [ -66.0842, 18.441475 ], [ -66.084271, 18.441456 ], [ -66.084334, 18.441456 ], [ -66.084379, 18.441467 ], [ -66.084433, 18.441473 ], [ -66.084508, 18.441489 ], [ -66.084573, 18.441514 ], [ -66.084637, 18.441547 ], [ -66.08471, 18.441595 ], [ -66.084782, 18.44165 ], [ -66.084816, 18.441671 ], [ -66.084855, 18.441702 ], [ -66.084911, 18.441742 ], [ -66.084969, 18.441768 ], [ -66.084974, 18.441775 ], [ -66.084975, 18.441775 ], [ -66.084983, 18.441781 ], [ -66.084993, 18.441786 ], [ -66.085006, 18.441791 ], [ -66.085015, 18.441795 ], [ -66.085026, 18.441799 ], [ -66.085037, 18.441804 ], [ -66.085046, 18.441807 ], [ -66.08506, 18.44181 ], [ -66.08507, 18.441812 ], [ -66.085081, 18.441814 ], [ -66.085092, 18.441816 ], [ -66.085105, 18.441817 ], [ -66.085126, 18.441815 ], [ -66.085135, 18.441811 ], [ -66.085144, 18.441807 ], [ -66.085153, 18.441804 ], [ -66.085163, 18.441801 ], [ -66.085174, 18.441796 ], [ -66.085189, 18.441791 ], [ -66.085204, 18.441789 ], [ -66.085214, 18.441786 ], [ -66.085227, 18.441783 ], [ -66.085245, 18.441784 ], [ -66.085261, 18.441787 ], [ -66.085271, 18.441787 ], [ -66.085273, 18.441787 ], [ -66.085283, 18.441784 ], [ -66.085294, 18.441778 ], [ -66.085304, 18.441775 ], [ -66.085317, 18.441772 ], [ -66.08533, 18.441769 ], [ -66.085331, 18.441769 ], [ -66.085345, 18.441778 ], [ -66.085353, 18.441783 ], [ -66.08537, 18.44179 ], [ -66.085385, 18.441795 ], [ -66.085397, 18.441799 ], [ -66.0854, 18.441799 ], [ -66.08541, 18.441797 ], [ -66.085419, 18.441792 ], [ -66.085424, 18.441791 ], [ -66.085435, 18.441795 ], [ -66.085444, 18.4418 ], [ -66.085449, 18.441803 ], [ -66.08546, 18.441804 ], [ -66.085463, 18.441803 ], [ -66.085471, 18.441798 ], [ -66.085474, 18.441796 ], [ -66.085476, 18.441793 ], [ -66.085477, 18.441788 ], [ -66.085478, 18.441776 ], [ -66.085478, 18.441774 ], [ -66.085477, 18.441773 ], [ -66.085474, 18.44177 ], [ -66.085466, 18.441765 ], [ -66.085457, 18.44176 ], [ -66.085454, 18.441758 ], [ -66.085448, 18.44175 ], [ -66.085447, 18.441748 ], [ -66.085447, 18.441743 ], [ -66.085448, 18.441741 ], [ -66.085454, 18.441731 ], [ -66.085458, 18.441722 ], [ -66.085459, 18.441718 ] ] ] ] } },
{ "type": "Feature", "properties": { "fid": 13, "STATEFP": "72", "COUNTYFP": "127", "COUSUBFP": "79693", "SUBMCDFP": "83438", "SUBMCDNS": "02416075", "GEOID": "721277969383438", "NAME": "Tras Talleres", "NAMELSAD": "Tras Talleres subbarrio", "LSAD": "51", "CLASSFP": "Z6", "MTFCC": "G4060", "FUNCSTAT": "N", "ALAND": 163564, "AWATER": 0, "INTPTLAT": "+18.4462242", "INTPTLON": "-066.0797911" }, "geometry": { "type": "MultiPolygon", "coordinates": [ [ [ [ -66.082004, 18.445445 ], [ -66.081933, 18.4454 ], [ -66.081655, 18.445181 ], [ -66.081463, 18.445009 ], [ -66.080641, 18.444393 ], [ -66.080591, 18.444372 ], [ -66.080264, 18.444327 ], [ -66.079888, 18.44438 ], [ -66.07946, 18.444453 ], [ -66.07912, 18.444444 ], [ -66.078788, 18.4443 ], [ -66.078419, 18.443966 ], [ -66.078244, 18.444159 ], [ -66.078171, 18.444316 ], [ -66.07809, 18.444495 ], [ -66.077921, 18.444878 ], [ -66.077569, 18.445667 ], [ -66.077344, 18.446107 ], [ -66.07718, 18.446405 ], [ -66.078148, 18.447018 ], [ -66.078249, 18.447125 ], [ -66.078345, 18.447227 ], [ -66.078616, 18.447417 ], [ -66.079052, 18.447678 ], [ -66.079541, 18.44797 ], [ -66.079781, 18.448105 ], [ -66.080532, 18.448522 ], [ -66.081118, 18.448833 ], [ -66.081263, 18.448428 ], [ -66.08134, 18.448218 ], [ -66.081569, 18.447525 ], [ -66.081711, 18.447096 ], [ -66.081719, 18.447039 ], [ -66.081768, 18.446679 ], [ -66.081779, 18.446346 ], [ -66.081796, 18.445805 ], [ -66.081855, 18.445628 ], [ -66.081928, 18.445532 ], [ -66.082004, 18.445445 ] ] ] ] } },
{ "type": "Feature", "properties": { "fid": 14, "STATEFP": "72", "COUNTYFP": "127", "COUSUBFP": "79693", "SUBMCDFP": "45180", "SUBMCDNS": "02415564", "GEOID": "721277969345180", "NAME": "La Zona", "NAMELSAD": "La Zona subbarrio", "LSAD": "51", "CLASSFP": "Z6", "MTFCC": "G4060", "FUNCSTAT": "N", "ALAND": 388241, "AWATER": 28748, "INTPTLAT": "+18.4408145", "INTPTLON": "-066.0786403" }, "geometry": { "type": "MultiPolygon", "coordinates": [ [ [ [ -66.076241, 18.440126 ], [ -66.076221, 18.440132 ], [ -66.076178, 18.440161 ], [ -66.076166, 18.440579 ], [ -66.076162, 18.440658 ], [ -66.07554, 18.441936 ], [ -66.075432, 18.442241 ], [ -66.07529, 18.442603 ], [ -66.075096, 18.442551 ], [ -66.073808, 18.442077 ], [ -66.073564, 18.442025 ], [ -66.073486, 18.44205 ], [ -66.073414, 18.442466 ], [ -66.073457, 18.442682 ], [ -66.073494, 18.442869 ], [ -66.073504, 18.442922 ], [ -66.073461, 18.442973 ], [ -66.073415, 18.443027 ], [ -66.073246, 18.443228 ], [ -66.073453, 18.443675 ], [ -66.073632, 18.443983 ], [ -66.07415, 18.444633 ], [ -66.074265, 18.44471 ], [ -66.074744, 18.445027 ], [ -66.075207, 18.445278 ], [ -66.075472, 18.445422 ], [ -66.075667, 18.445519 ], [ -66.075999, 18.445713 ], [ -66.076355, 18.445913 ], [ -66.076733, 18.446145 ], [ -66.07718, 18.446405 ], [ -66.077344, 18.446107 ], [ -66.077569, 18.445667 ], [ -66.077921, 18.444878 ], [ -66.07809, 18.444495 ], [ -66.078171, 18.444316 ], [ -66.078244, 18.444159 ], [ -66.078419, 18.443966 ], [ -66.078969, 18.443378 ], [ -66.079049, 18.443287 ], [ -66.079113, 18.443214 ], [ -66.079386, 18.442905 ], [ -66.080614, 18.441513 ], [ -66.080828, 18.441274 ], [ -66.080984, 18.4411 ], [ -66.08235, 18.439516 ], [ -66.082317, 18.439492 ], [ -66.082302, 18.439488 ], [ -66.082303, 18.439469 ], [ -66.082096, 18.439296 ], [ -66.081933, 18.439167 ], [ -66.081702, 18.438965 ], [ -66.081495, 18.438827 ], [ -66.081207, 18.438512 ], [ -66.081138, 18.43852 ], [ -66.08006, 18.438632 ], [ -66.079834, 18.438602 ], [ -66.079805, 18.438598 ], [ -66.079369, 18.438598 ], [ -66.079016, 18.43858 ], [ -66.078699, 18.438545 ], [ -66.078308, 18.438491 ], [ -66.078029, 18.438457 ], [ -66.077799, 18.438445 ], [ -66.077602, 18.438456 ], [ -66.077172, 18.4387 ], [ -66.076475, 18.439963 ], [ -66.076256, 18.440109 ], [ -66.076241, 18.440126 ] ] ] ] } },
{ "type": "Feature", "properties": { "fid": 15, "STATEFP": "72", "COUNTYFP": "127", "COUSUBFP": "79693", "SUBMCDFP": "59788", "SUBMCDNS": "02415757", "GEOID": "721277969359788", "NAME": "Parque", "NAMELSAD": "Parque subbarrio", "LSAD": "51", "CLASSFP": "Z6", "MTFCC": "G4060", "FUNCSTAT": "N", "ALAND": 298582, "AWATER": 624158, "INTPTLAT": "+18.4537254", "INTPTLON": "-066.0562770" }, "geometry": { "type": "MultiPolygon", "coordinates": [ [ [ [ -66.063045, 18.455497 ], [ -66.063091, 18.455517 ], [ -66.063103, 18.455464 ], [ -66.063233, 18.454876 ], [ -66.063357, 18.454476 ], [ -66.063473, 18.453772 ], [ -66.063575, 18.453197 ], [ -66.063644, 18.452912 ], [ -66.063721, 18.452634 ], [ -66.063891, 18.452065 ], [ -66.063783, 18.452051 ], [ -66.063412, 18.452003 ], [ -66.062771, 18.451921 ], [ -66.062472, 18.451893 ], [ -66.061687, 18.451783 ], [ -66.060879, 18.45169 ], [ -66.060311, 18.451618 ], [ -66.059655, 18.451536 ], [ -66.059331, 18.45149 ], [ -66.058825, 18.451415 ], [ -66.058642, 18.451388 ], [ -66.058319, 18.451342 ], [ -66.058239, 18.451331 ], [ -66.057871, 18.451277 ], [ -66.057359, 18.451215 ], [ -66.057294, 18.451205 ], [ -66.056923, 18.451176 ], [ -66.056808, 18.451165 ], [ -66.056456, 18.45113 ], [ -66.05638, 18.451129 ], [ -66.056003, 18.451087 ], [ -66.055944, 18.451084 ], [ -66.055852, 18.451733 ], [ -66.05576, 18.452378 ], [ -66.055532, 18.452746 ], [ -66.055451, 18.453346 ], [ -66.055358, 18.454021 ], [ -66.055322, 18.454459 ], [ -66.055279, 18.45468 ], [ -66.05524, 18.455026 ], [ -66.055299, 18.455028 ], [ -66.055397, 18.455012 ], [ -66.055525, 18.454987 ], [ -66.05565, 18.454977 ], [ -66.055782, 18.454972 ], [ -66.055906, 18.454961 ], [ -66.05602, 18.454937 ], [ -66.056133, 18.454918 ], [ -66.05626, 18.454902 ], [ -66.056363, 18.45491 ], [ -66.056417, 18.454901 ], [ -66.056508, 18.454888 ], [ -66.056591, 18.454883 ], [ -66.056681, 18.454877 ], [ -66.056823, 18.454867 ], [ -66.056932, 18.454846 ], [ -66.057076, 18.454824 ], [ -66.057197, 18.454823 ], [ -66.057277, 18.454811 ], [ -66.057378, 18.454796 ], [ -66.057467, 18.4548 ], [ -66.057478, 18.454803 ], [ -66.057525, 18.454803 ], [ -66.057586, 18.454799 ], [ -66.057622, 18.454802 ], [ -66.057671, 18.454796 ], [ -66.0577, 18.454792 ], [ -66.057753, 18.454774 ], [ -66.057817, 18.454769 ], [ -66.057953, 18.454762 ], [ -66.058071, 18.454767 ], [ -66.058284, 18.454766 ], [ -66.058394, 18.454763 ], [ -66.058555, 18.454766 ], [ -66.058666, 18.454776 ], [ -66.058829, 18.454791 ], [ -66.05896, 18.454791 ], [ -66.059087, 18.454807 ], [ -66.0592, 18.454796 ], [ -66.059313, 18.454804 ], [ -66.059496, 18.454794 ], [ -66.059612, 18.454777 ], [ -66.059789, 18.45478 ], [ -66.059958, 18.454766 ], [ -66.06005, 18.454796 ], [ -66.06018, 18.454806 ], [ -66.060254, 18.454811 ], [ -66.060408, 18.454815 ], [ -66.06061, 18.454824 ], [ -66.060751, 18.454831 ], [ -66.06092, 18.454833 ], [ -66.061046, 18.454847 ], [ -66.061164, 18.45487 ], [ -66.06132, 18.45492 ], [ -66.061436, 18.454955 ], [ -66.061555, 18.454986 ], [ -66.061641, 18.455015 ], [ -66.061686, 18.455027 ], [ -66.061754, 18.455032 ], [ -66.061849, 18.455057 ], [ -66.061909, 18.45507 ], [ -66.062227, 18.45518 ], [ -66.062317, 18.455211 ], [ -66.06247, 18.455266 ], [ -66.06276, 18.455392 ], [ -66.062769, 18.455396 ], [ -66.062889, 18.455436 ], [ -66.063045, 18.455497 ] ] ] ] } },
{ "type": "Feature", "properties": { "fid": 16, "STATEFP": "72", "COUNTYFP": "127", "COUSUBFP": "79693", "SUBMCDFP": "36680", "SUBMCDNS": "02415522", "GEOID": "721277969336680", "NAME": "Isla Grande", "NAMELSAD": "Isla Grande subbarrio", "LSAD": "51", "CLASSFP": "Z6", "MTFCC": "G4060", "FUNCSTAT": "N", "ALAND": 2038329, "AWATER": 3123505, "INTPTLAT": "+18.4514285", "INTPTLON": "-066.0998595" }, "geometry": { "type": "MultiPolygon", "coordinates": [ [ [ [ -66.086565, 18.447967 ], [ -66.086556, 18.447968 ], [ -66.086063, 18.448689 ], [ -66.085778, 18.449263 ], [ -66.085967, 18.449172 ], [ -66.086944, 18.451071 ], [ -66.087618, 18.451789 ], [ -66.087471, 18.451913 ], [ -66.087393, 18.45198 ], [ -66.087164, 18.452176 ], [ -66.086941, 18.452369 ], [ -66.086746, 18.452431 ], [ -66.086791, 18.452483 ], [ -66.086957, 18.452825 ], [ -66.087025, 18.453092 ], [ -66.08704, 18.453311 ], [ -66.087047, 18.453433 ], [ -66.087019, 18.453808 ], [ -66.086949, 18.454612 ], [ -66.086875, 18.4554 ], [ -66.086752, 18.456123 ], [ -66.086685, 18.456402 ], [ -66.086614, 18.456483 ], [ -66.086494, 18.456948 ], [ -66.086336, 18.457432 ], [ -66.086304, 18.457516 ], [ -66.086277, 18.457584 ], [ -66.086248, 18.457659 ], [ -66.086196, 18.457934 ], [ -66.086172, 18.458057 ], [ -66.086219, 18.458455 ], [ -66.08625, 18.458708 ], [ -66.086282, 18.458957 ], [ -66.086291, 18.459024 ], [ -66.087136, 18.459099 ], [ -66.08724, 18.45911 ], [ -66.087161, 18.45881 ], [ -66.087165, 18.458802 ], [ -66.087175, 18.458792 ], [ -66.087186, 18.458786 ], [ -66.087195, 18.458783 ], [ -66.087208, 18.458779 ], [ -66.08721, 18.458778 ], [ -66.087236, 18.458802 ], [ -66.087243, 18.45883 ], [ -66.087254, 18.458833 ], [ -66.087273, 18.458902 ], [ -66.087292, 18.45897 ], [ -66.087283, 18.458974 ], [ -66.087296, 18.45903 ], [ -66.08737, 18.459014 ], [ -66.087444, 18.458998 ], [ -66.087457, 18.459049 ], [ -66.087567, 18.459023 ], [ -66.087678, 18.458997 ], [ -66.087665, 18.458958 ], [ -66.087576, 18.458981 ], [ -66.087487, 18.459005 ], [ -66.087482, 18.458989 ], [ -66.087453, 18.458882 ], [ -66.087424, 18.458774 ], [ -66.087395, 18.458666 ], [ -66.087518, 18.458638 ], [ -66.087507, 18.458599 ], [ -66.087472, 18.45861 ], [ -66.087444, 18.458506 ], [ -66.087415, 18.458402 ], [ -66.087467, 18.458366 ], [ -66.087449, 18.45834 ], [ -66.087487, 18.458306 ], [ -66.087479, 18.458292 ], [ -66.087577, 18.458212 ], [ -66.087675, 18.458133 ], [ -66.087773, 18.458053 ], [ -66.087871, 18.457974 ], [ -66.087956, 18.458071 ], [ -66.087969, 18.45806 ], [ -66.087913, 18.457999 ], [ -66.087857, 18.457937 ], [ -66.087899, 18.4579 ], [ -66.087954, 18.457962 ], [ -66.08801, 18.458025 ], [ -66.088021, 18.458016 ], [ -66.087934, 18.457916 ], [ -66.087952, 18.457906 ], [ -66.087987, 18.457947 ], [ -66.088028, 18.457913 ], [ -66.088029, 18.457913 ], [ -66.088118, 18.457923 ], [ -66.088207, 18.457934 ], [ -66.088335, 18.457948 ], [ -66.088451, 18.457964 ], [ -66.088566, 18.457978 ], [ -66.088701, 18.457996 ], [ -66.088828, 18.458011 ], [ -66.088956, 18.458027 ], [ -66.089083, 18.458042 ], [ -66.089214, 18.458058 ], [ -66.089344, 18.458074 ], [ -66.089475, 18.45809 ], [ -66.089606, 18.458105 ], [ -66.089736, 18.458121 ], [ -66.089867, 18.458137 ], [ -66.090007, 18.458154 ], [ -66.090147, 18.458171 ], [ -66.090287, 18.458188 ], [ -66.090427, 18.458205 ], [ -66.090567, 18.458221 ], [ -66.090707, 18.458238 ], [ -66.090847, 18.458255 ], [ -66.090987, 18.458272 ], [ -66.091127, 18.458289 ], [ -66.091267, 18.458306 ], [ -66.091407, 18.458323 ], [ -66.091534, 18.458338 ], [ -66.091661, 18.458354 ], [ -66.091788, 18.458369 ], [ -66.091915, 18.458384 ], [ -66.092042, 18.4584 ], [ -66.092168, 18.458416 ], [ -66.092295, 18.458431 ], [ -66.092422, 18.458447 ], [ -66.092532, 18.45846 ], [ -66.092643, 18.458473 ], [ -66.092754, 18.458486 ], [ -66.092866, 18.458499 ], [ -66.092978, 18.458513 ], [ -66.09309, 18.458526 ], [ -66.093211, 18.45854 ], [ -66.093332, 18.458554 ], [ -66.093453, 18.458568 ], [ -66.093573, 18.458582 ], [ -66.093694, 18.458596 ], [ -66.0938, 18.458609 ], [ -66.093906, 18.458622 ], [ -66.094012, 18.458634 ], [ -66.094118, 18.458646 ], [ -66.094254, 18.458663 ], [ -66.09439, 18.45868 ], [ -66.094525, 18.458697 ], [ -66.094661, 18.458713 ], [ -66.094796, 18.45873 ], [ -66.094923, 18.458746 ], [ -66.09505, 18.458761 ], [ -66.095178, 18.458777 ], [ -66.095305, 18.458793 ], [ -66.095432, 18.458808 ], [ -66.095528, 18.458819 ], [ -66.095527, 18.458828 ], [ -66.095652, 18.458844 ], [ -66.095776, 18.458859 ], [ -66.095896, 18.458873 ], [ -66.096017, 18.458887 ], [ -66.096137, 18.458901 ], [ -66.096257, 18.458915 ], [ -66.096393, 18.458931 ], [ -66.09653, 18.458948 ], [ -66.096667, 18.458964 ], [ -66.096803, 18.45898 ], [ -66.09694, 18.458996 ], [ -66.097076, 18.459012 ], [ -66.097213, 18.459029 ], [ -66.097332, 18.459043 ], [ -66.09745, 18.459057 ], [ -66.097569, 18.459072 ], [ -66.097688, 18.459086 ], [ -66.097807, 18.4591 ], [ -66.097926, 18.459114 ], [ -66.098049, 18.459129 ], [ -66.098172, 18.459143 ], [ -66.098295, 18.459158 ], [ -66.098418, 18.459173 ], [ -66.098542, 18.459187 ], [ -66.098665, 18.459202 ], [ -66.098788, 18.459216 ], [ -66.098925, 18.459233 ], [ -66.099061, 18.459249 ], [ -66.099197, 18.459265 ], [ -66.099334, 18.459281 ], [ -66.09947, 18.459297 ], [ -66.099607, 18.459313 ], [ -66.099743, 18.45933 ], [ -66.09988, 18.459346 ], [ -66.09988, 18.459345 ], [ -66.099885, 18.459336 ], [ -66.099888, 18.459328 ], [ -66.099888, 18.459327 ], [ -66.099888, 18.459326 ], [ -66.099889, 18.459316 ], [ -66.099891, 18.459307 ], [ -66.099892, 18.459297 ], [ -66.099896, 18.459288 ], [ -66.099898, 18.459285 ], [ -66.099904, 18.45928 ], [ -66.099913, 18.459276 ], [ -66.099923, 18.459271 ], [ -66.099931, 18.459265 ], [ -66.099938, 18.459259 ], [ -66.099947, 18.459254 ], [ -66.099956, 18.459251 ], [ -66.099967, 18.459248 ], [ -66.099977, 18.459244 ], [ -66.099986, 18.459241 ], [ -66.099997, 18.459239 ], [ -66.100008, 18.459236 ], [ -66.100013, 18.459236 ], [ -66.100017, 18.459236 ], [ -66.100028, 18.459235 ], [ -66.100041, 18.459234 ], [ -66.100056, 18.459232 ], [ -66.100066, 18.459231 ], [ -66.100078, 18.459231 ], [ -66.100086, 18.459231 ], [ -66.100087, 18.459232 ], [ -66.100097, 18.459234 ], [ -66.100108, 18.459235 ], [ -66.100119, 18.459235 ], [ -66.100131, 18.459236 ], [ -66.100138, 18.459237 ], [ -66.100139, 18.459237 ], [ -66.100149, 18.459236 ], [ -66.100161, 18.459236 ], [ -66.10017, 18.459239 ], [ -66.10018, 18.459242 ], [ -66.10019, 18.459244 ], [ -66.1002, 18.459243 ], [ -66.100203, 18.459242 ], [ -66.100214, 18.459237 ], [ -66.100223, 18.459232 ], [ -66.100231, 18.459228 ], [ -66.10024, 18.459223 ], [ -66.100249, 18.45922 ], [ -66.100259, 18.459219 ], [ -66.100269, 18.459218 ], [ -66.100279, 18.459217 ], [ -66.100289, 18.459218 ], [ -66.100293, 18.459219 ], [ -66.100304, 18.459224 ], [ -66.100312, 18.459229 ], [ -66.100322, 18.459234 ], [ -66.100332, 18.459237 ], [ -66.100343, 18.459239 ], [ -66.100354, 18.459241 ], [ -66.100365, 18.459244 ], [ -66.100375, 18.459248 ], [ -66.100386, 18.459249 ], [ -66.100397, 18.459251 ], [ -66.100398, 18.459252 ], [ -66.100408, 18.459257 ], [ -66.100418, 18.459259 ], [ -66.100428, 18.45926 ], [ -66.10043, 18.45926 ], [ -66.10044, 18.459256 ], [ -66.100451, 18.459255 ], [ -66.100452, 18.459256 ], [ -66.100454, 18.459257 ], [ -66.100462, 18.459265 ], [ -66.100471, 18.459267 ], [ -66.100475, 18.459266 ], [ -66.100476, 18.459265 ], [ -66.100482, 18.459262 ], [ -66.100487, 18.459259 ], [ -66.100489, 18.459258 ], [ -66.100502, 18.45926 ], [ -66.100507, 18.459261 ], [ -66.100509, 18.459263 ], [ -66.100515, 18.45927 ], [ -66.100522, 18.459277 ], [ -66.100527, 18.459281 ], [ -66.10053, 18.459283 ], [ -66.100532, 18.459284 ], [ -66.100536, 18.459284 ], [ -66.100537, 18.459285 ], [ -66.100537, 18.459285 ], [ -66.100539, 18.459284 ], [ -66.100549, 18.459282 ], [ -66.100561, 18.459282 ], [ -66.100571, 18.459283 ], [ -66.100581, 18.459281 ], [ -66.100592, 18.459278 ], [ -66.100605, 18.459272 ], [ -66.100614, 18.459268 ], [ -66.100623, 18.459263 ], [ -66.100634, 18.459258 ], [ -66.100637, 18.459258 ], [ -66.100646, 18.459258 ], [ -66.100658, 18.459261 ], [ -66.10066, 18.459262 ], [ -66.100662, 18.459264 ], [ -66.100668, 18.459272 ], [ -66.10067, 18.459276 ], [ -66.100676, 18.459284 ], [ -66.100682, 18.459291 ], [ -66.10069, 18.459297 ], [ -66.100694, 18.459299 ], [ -66.100703, 18.459303 ], [ -66.100711, 18.459309 ], [ -66.100719, 18.459317 ], [ -66.100728, 18.459323 ], [ -66.100737, 18.459327 ], [ -66.100745, 18.459331 ], [ -66.100746, 18.459332 ], [ -66.100749, 18.459335 ], [ -66.100756, 18.459342 ], [ -66.10076, 18.459345 ], [ -66.10077, 18.459352 ], [ -66.100772, 18.459354 ], [ -66.100779, 18.459363 ], [ -66.100786, 18.45937 ], [ -66.100787, 18.45937 ], [ -66.100789, 18.45937 ], [ -66.1008, 18.459369 ], [ -66.100801, 18.459369 ], [ -66.100809, 18.459363 ], [ -66.100817, 18.459359 ], [ -66.100826, 18.459354 ], [ -66.100836, 18.459352 ], [ -66.100846, 18.459351 ], [ -66.100858, 18.459351 ], [ -66.100868, 18.459351 ], [ -66.100878, 18.459351 ], [ -66.100888, 18.459347 ], [ -66.100896, 18.459342 ], [ -66.100897, 18.459341 ], [ -66.100903, 18.459333 ], [ -66.100905, 18.459324 ], [ -66.100905, 18.459322 ], [ -66.100903, 18.459311 ], [ -66.1009, 18.459302 ], [ -66.100896, 18.459297 ], [ -66.100892, 18.459292 ], [ -66.10089, 18.459289 ], [ -66.100884, 18.45928 ], [ -66.100884, 18.459279 ], [ -66.100884, 18.459278 ], [ -66.100887, 18.459269 ], [ -66.100888, 18.459268 ], [ -66.100895, 18.459261 ], [ -66.100895, 18.45926 ], [ -66.100896, 18.459258 ], [ -66.100898, 18.459248 ], [ -66.100903, 18.459242 ], [ -66.100911, 18.459236 ], [ -66.100921, 18.45923 ], [ -66.100928, 18.459223 ], [ -66.100935, 18.459214 ], [ -66.10094, 18.459205 ], [ -66.100948, 18.459198 ], [ -66.100955, 18.459191 ], [ -66.100956, 18.45919 ], [ -66.100964, 18.459183 ], [ -66.100972, 18.459177 ], [ -66.10098, 18.459171 ], [ -66.100989, 18.459166 ], [ -66.100999, 18.459162 ], [ -66.101006, 18.459161 ], [ -66.101008, 18.459161 ], [ -66.101021, 18.459162 ], [ -66.101032, 18.459161 ], [ -66.101034, 18.45916 ], [ -66.101043, 18.459155 ], [ -66.101051, 18.459149 ], [ -66.101058, 18.459142 ], [ -66.101068, 18.459138 ], [ -66.10107, 18.459138 ], [ -66.101081, 18.459138 ], [ -66.101093, 18.459141 ], [ -66.101103, 18.459143 ], [ -66.101113, 18.459146 ], [ -66.101127, 18.459148 ], [ -66.101136, 18.45915 ], [ -66.101138, 18.459151 ], [ -66.101143, 18.459155 ], [ -66.10115, 18.459165 ], [ -66.101157, 18.459172 ], [ -66.101165, 18.459177 ], [ -66.101176, 18.459176 ], [ -66.101178, 18.459175 ], [ -66.101186, 18.45917 ], [ -66.101195, 18.459165 ], [ -66.101204, 18.459161 ], [ -66.101207, 18.459161 ], [ -66.101219, 18.45916 ], [ -66.101229, 18.45916 ], [ -66.101238, 18.459159 ], [ -66.101249, 18.459161 ], [ -66.101259, 18.459163 ], [ -66.101269, 18.459166 ], [ -66.101283, 18.459168 ], [ -66.101295, 18.459171 ], [ -66.101306, 18.459173 ], [ -66.101316, 18.459176 ], [ -66.101326, 18.459179 ], [ -66.101337, 18.459183 ], [ -66.101346, 18.459187 ], [ -66.101355, 18.45919 ], [ -66.101358, 18.459192 ], [ -66.101366, 18.459198 ], [ -66.101367, 18.459198 ], [ -66.101482, 18.459215 ], [ -66.101597, 18.459232 ], [ -66.10173, 18.459259 ], [ -66.101863, 18.459286 ], [ -66.101997, 18.459312 ], [ -66.10213, 18.459339 ], [ -66.102263, 18.459366 ], [ -66.102374, 18.459388 ], [ -66.102485, 18.45941 ], [ -66.102597, 18.459432 ], [ -66.102708, 18.459454 ], [ -66.102833, 18.45948 ], [ -66.102958, 18.459505 ], [ -66.103084, 18.45953 ], [ -66.103209, 18.459556 ], [ -66.103334, 18.459581 ], [ -66.103459, 18.459605 ], [ -66.103583, 18.45963 ], [ -66.103708, 18.459654 ], [ -66.103833, 18.459679 ], [ -66.103957, 18.459704 ], [ -66.104062, 18.459725 ], [ -66.104167, 18.459746 ], [ -66.104272, 18.459766 ], [ -66.104377, 18.459787 ], [ -66.104475, 18.459806 ], [ -66.104573, 18.459824 ], [ -66.104672, 18.459843 ], [ -66.104755, 18.459861 ], [ -66.104839, 18.459878 ], [ -66.104944, 18.459901 ], [ -66.10505, 18.459923 ], [ -66.105142, 18.459934 ], [ -66.10521, 18.459893 ], [ -66.105277, 18.459851 ], [ -66.10531, 18.459831 ], [ -66.10531, 18.45983 ], [ -66.105313, 18.459828 ], [ -66.105321, 18.459823 ], [ -66.10533, 18.459818 ], [ -66.10534, 18.459814 ], [ -66.105351, 18.45981 ], [ -66.10536, 18.459808 ], [ -66.105367, 18.459804 ], [ -66.105369, 18.459802 ], [ -66.105376, 18.459796 ], [ -66.105384, 18.459787 ], [ -66.105386, 18.459784 ], [ -66.10539, 18.459776 ], [ -66.105396, 18.459766 ], [ -66.105403, 18.459758 ], [ -66.10541, 18.459749 ], [ -66.105411, 18.459747 ], [ -66.105412, 18.459747 ], [ -66.105413, 18.459747 ], [ -66.105419, 18.459745 ], [ -66.10542, 18.459745 ], [ -66.105423, 18.459747 ], [ -66.105423, 18.459748 ], [ -66.105425, 18.459757 ], [ -66.105427, 18.459762 ], [ -66.10543, 18.459763 ], [ -66.105431, 18.459763 ], [ -66.105434, 18.459762 ], [ -66.105435, 18.459762 ], [ -66.105437, 18.45976 ], [ -66.10544, 18.459756 ], [ -66.10544, 18.459755 ], [ -66.105439, 18.459752 ], [ -66.105437, 18.459742 ], [ -66.105437, 18.459732 ], [ -66.105438, 18.45973 ], [ -66.105445, 18.459723 ], [ -66.105453, 18.459716 ], [ -66.105455, 18.459716 ], [ -66.105458, 18.459714 ], [ -66.105466, 18.459704 ], [ -66.105473, 18.459695 ], [ -66.10548, 18.459689 ], [ -66.105488, 18.459683 ], [ -66.105489, 18.459681 ], [ -66.105493, 18.459671 ], [ -66.105493, 18.459669 ], [ -66.105493, 18.459668 ], [ -66.105492, 18.459658 ], [ -66.105493, 18.459647 ], [ -66.105497, 18.459637 ], [ -66.105502, 18.45963 ], [ -66.105502, 18.45963 ], [ -66.105505, 18.459629 ], [ -66.105506, 18.459628 ], [ -66.10551, 18.459627 ], [ -66.105519, 18.459626 ], [ -66.105531, 18.459627 ], [ -66.105534, 18.459629 ], [ -66.105546, 18.459634 ], [ -66.105559, 18.459637 ], [ -66.10556, 18.459636 ], [ -66.105565, 18.459634 ], [ -66.105568, 18.459633 ], [ -66.105569, 18.459631 ], [ -66.10557, 18.459629 ], [ -66.10557, 18.459627 ], [ -66.105571, 18.459616 ], [ -66.105573, 18.459607 ], [ -66.105579, 18.459598 ], [ -66.10558, 18.459598 ], [ -66.105582, 18.459596 ], [ -66.105591, 18.459593 ], [ -66.105597, 18.459593 ], [ -66.105607, 18.459593 ], [ -66.105618, 18.459593 ], [ -66.105629, 18.459591 ], [ -66.105639, 18.459588 ], [ -66.105643, 18.459586 ], [ -66.10565, 18.459579 ], [ -66.105655, 18.45957 ], [ -66.105659, 18.45956 ], [ -66.105661, 18.45955 ], [ -66.105659, 18.459538 ], [ -66.105657, 18.459534 ], [ -66.105652, 18.459524 ], [ -66.105649, 18.459514 ], [ -66.105649, 18.459504 ], [ -66.10565, 18.459495 ], [ -66.105651, 18.459486 ], [ -66.10565, 18.459485 ], [ -66.105651, 18.459475 ], [ -66.105654, 18.459464 ], [ -66.105657, 18.45946 ], [ -66.105658, 18.45946 ], [ -66.105667, 18.459456 ], [ -66.105676, 18.459451 ], [ -66.105679, 18.459448 ], [ -66.105681, 18.459446 ], [ -66.105687, 18.459435 ], [ -66.105688, 18.459431 ], [ -66.105689, 18.459422 ], [ -66.105688, 18.459417 ], [ -66.105684, 18.459408 ], [ -66.105679, 18.459398 ], [ -66.105675, 18.459388 ], [ -66.105671, 18.459379 ], [ -66.105666, 18.45937 ], [ -66.105665, 18.45936 ], [ -66.105664, 18.45935 ], [ -66.105665, 18.45934 ], [ -66.105667, 18.459329 ], [ -66.105668, 18.459328 ], [ -66.105674, 18.459319 ], [ -66.105678, 18.459309 ], [ -66.105679, 18.459299 ], [ -66.105682, 18.459289 ], [ -66.105685, 18.45928 ], [ -66.105686, 18.45927 ], [ -66.105686, 18.459259 ], [ -66.10569, 18.459248 ], [ -66.105693, 18.459244 ], [ -66.105698, 18.459235 ], [ -66.105703, 18.459227 ], [ -66.105706, 18.459215 ], [ -66.105708, 18.459206 ], [ -66.105709, 18.459197 ], [ -66.105709, 18.459187 ], [ -66.105711, 18.459178 ], [ -66.105713, 18.459168 ], [ -66.105715, 18.459157 ], [ -66.105715, 18.459147 ], [ -66.105717, 18.459138 ], [ -66.10572, 18.459129 ], [ -66.105725, 18.459121 ], [ -66.105732, 18.459112 ], [ -66.105737, 18.459105 ], [ -66.105744, 18.459097 ], [ -66.105745, 18.459095 ], [ -66.105746, 18.45909 ], [ -66.105745, 18.45908 ], [ -66.105744, 18.459069 ], [ -66.105744, 18.459059 ], [ -66.105745, 18.459049 ], [ -66.105746, 18.45904 ], [ -66.105747, 18.45903 ], [ -66.105751, 18.45902 ], [ -66.105755, 18.45901 ], [ -66.105757, 18.458998 ], [ -66.105757, 18.458996 ], [ -66.105754, 18.458987 ], [ -66.105753, 18.458986 ], [ -66.105748, 18.458979 ], [ -66.105746, 18.458973 ], [ -66.105745, 18.458967 ], [ -66.105746, 18.458958 ], [ -66.105745, 18.458948 ], [ -66.105744, 18.458939 ], [ -66.105744, 18.458937 ], [ -66.105744, 18.458926 ], [ -66.105744, 18.458917 ], [ -66.105744, 18.458908 ], [ -66.105745, 18.458897 ], [ -66.105745, 18.458888 ], [ -66.105746, 18.458878 ], [ -66.10575, 18.458868 ], [ -66.105755, 18.45886 ], [ -66.105762, 18.458853 ], [ -66.105763, 18.458852 ], [ -66.105768, 18.458852 ], [ -66.105779, 18.458852 ], [ -66.10579, 18.458849 ], [ -66.105801, 18.458842 ], [ -66.105802, 18.458842 ], [ -66.105804, 18.458839 ], [ -66.105804, 18.458836 ], [ -66.105802, 18.458826 ], [ -66.1058, 18.458816 ], [ -66.105796, 18.458809 ], [ -66.105795, 18.458808 ], [ -66.10579, 18.4588 ], [ -66.105786, 18.45879 ], [ -66.105784, 18.458781 ], [ -66.105782, 18.458771 ], [ -66.105777, 18.458762 ], [ -66.105777, 18.458762 ], [ -66.10577, 18.458752 ], [ -66.10577, 18.45875 ], [ -66.105771, 18.458747 ], [ -66.105774, 18.458745 ], [ -66.105783, 18.458739 ], [ -66.105789, 18.458731 ], [ -66.105794, 18.458722 ], [ -66.105799, 18.458713 ], [ -66.105802, 18.458704 ], [ -66.105803, 18.458695 ], [ -66.105804, 18.458683 ], [ -66.105805, 18.458678 ], [ -66.105809, 18.458669 ], [ -66.105813, 18.458659 ], [ -66.105814, 18.45865 ], [ -66.105816, 18.45864 ], [ -66.105817, 18.458628 ], [ -66.105819, 18.458618 ], [ -66.105819, 18.458616 ], [ -66.105818, 18.458607 ], [ -66.105815, 18.458598 ], [ -66.105815, 18.458594 ], [ -66.105822, 18.458586 ], [ -66.105825, 18.458584 ], [ -66.105828, 18.458584 ], [ -66.105839, 18.458585 ], [ -66.105844, 18.458584 ], [ -66.105846, 18.458584 ], [ -66.105854, 18.458578 ], [ -66.10586, 18.458571 ], [ -66.105867, 18.458564 ], [ -66.105868, 18.458561 ], [ -66.105868, 18.45856 ], [ -66.10587, 18.45855 ], [ -66.105874, 18.458545 ], [ -66.105876, 18.458543 ], [ -66.105883, 18.458536 ], [ -66.105888, 18.458529 ], [ -66.105893, 18.458519 ], [ -66.105898, 18.45851 ], [ -66.105903, 18.458501 ], [ -66.10591, 18.458492 ], [ -66.105916, 18.458484 ], [ -66.105923, 18.458475 ], [ -66.105929, 18.458467 ], [ -66.105933, 18.458459 ], [ -66.105935, 18.458449 ], [ -66.105935, 18.458447 ], [ -66.105932, 18.458437 ], [ -66.105927, 18.458427 ], [ -66.105922, 18.458419 ], [ -66.105914, 18.458411 ], [ -66.105907, 18.458403 ], [ -66.105905, 18.458398 ], [ -66.105903, 18.458389 ], [ -66.105904, 18.458387 ], [ -66.105907, 18.458377 ], [ -66.105911, 18.458369 ], [ -66.105912, 18.458368 ], [ -66.105913, 18.458363 ], [ -66.105914, 18.458363 ], [ -66.10592, 18.458356 ], [ -66.105927, 18.458347 ], [ -66.105934, 18.458341 ], [ -66.105942, 18.458334 ], [ -66.105951, 18.458327 ], [ -66.105959, 18.458318 ], [ -66.105964, 18.45831 ], [ -66.105971, 18.4583 ], [ -66.105977, 18.458291 ], [ -66.105982, 18.458282 ], [ -66.105986, 18.458272 ], [ -66.105991, 18.458264 ], [ -66.105996, 18.458255 ], [ -66.106004, 18.458244 ], [ -66.10601, 18.458237 ], [ -66.106017, 18.458229 ], [ -66.106023, 18.458221 ], [ -66.106029, 18.458213 ], [ -66.106033, 18.458204 ], [ -66.106037, 18.458195 ], [ -66.106041, 18.458186 ], [ -66.106044, 18.458176 ], [ -66.106049, 18.458166 ], [ -66.106052, 18.458157 ], [ -66.106058, 18.458149 ], [ -66.106064, 18.458141 ], [ -66.106069, 18.458132 ], [ -66.106075, 18.458123 ], [ -66.106083, 18.458113 ], [ -66.10609, 18.458106 ], [ -66.1061, 18.458098 ], [ -66.106109, 18.458091 ], [ -66.106118, 18.458082 ], [ -66.106125, 18.458075 ], [ -66.106131, 18.458067 ], [ -66.106139, 18.45806 ], [ -66.106148, 18.458051 ], [ -66.106155, 18.458044 ], [ -66.106162, 18.458034 ], [ -66.106165, 18.45802 ], [ -66.10617, 18.45801 ], [ -66.106175, 18.458001 ], [ -66.10618, 18.457992 ], [ -66.106185, 18.457984 ], [ -66.106195, 18.457972 ], [ -66.106202, 18.457964 ], [ -66.10621, 18.457956 ], [ -66.106219, 18.457947 ], [ -66.106226, 18.457939 ], [ -66.106232, 18.45793 ], [ -66.106236, 18.457919 ], [ -66.106239, 18.457908 ], [ -66.106244, 18.457895 ], [ -66.106247, 18.457887 ], [ -66.106252, 18.457878 ], [ -66.106257, 18.457867 ], [ -66.106262, 18.457856 ], [ -66.106269, 18.457848 ], [ -66.106276, 18.45784 ], [ -66.106284, 18.457832 ], [ -66.106291, 18.457825 ], [ -66.106299, 18.457818 ], [ -66.106309, 18.457812 ], [ -66.106319, 18.457806 ], [ -66.106328, 18.4578 ], [ -66.106334, 18.457792 ], [ -66.106335, 18.45779 ], [ -66.106339, 18.457781 ], [ -66.106347, 18.45777 ], [ -66.106355, 18.457765 ], [ -66.106365, 18.457757 ], [ -66.106373, 18.45775 ], [ -66.10638, 18.457743 ], [ -66.106385, 18.457734 ], [ -66.106389, 18.457726 ], [ -66.106393, 18.457717 ], [ -66.106397, 18.457706 ], [ -66.106399, 18.457694 ], [ -66.106399, 18.45769 ], [ -66.106399, 18.457688 ], [ -66.106395, 18.457677 ], [ -66.106393, 18.457666 ], [ -66.106394, 18.457662 ], [ -66.106398, 18.457652 ], [ -66.106399, 18.457651 ], [ -66.106406, 18.457641 ], [ -66.106415, 18.457629 ], [ -66.106421, 18.457618 ], [ -66.106425, 18.457608 ], [ -66.106428, 18.457599 ], [ -66.106431, 18.457587 ], [ -66.106435, 18.457577 ], [ -66.10644, 18.457569 ], [ -66.106445, 18.457561 ], [ -66.106452, 18.457551 ], [ -66.106458, 18.457543 ], [ -66.106467, 18.457533 ], [ -66.106475, 18.457527 ], [ -66.106485, 18.457521 ], [ -66.106489, 18.457521 ], [ -66.1065, 18.45752 ], [ -66.106514, 18.457518 ], [ -66.106528, 18.457511 ], [ -66.106534, 18.457505 ], [ -66.106539, 18.457497 ], [ -66.106544, 18.457488 ], [ -66.106551, 18.457478 ], [ -66.106556, 18.457466 ], [ -66.106561, 18.457452 ], [ -66.106562, 18.457442 ], [ -66.106562, 18.457437 ], [ -66.106559, 18.457426 ], [ -66.106558, 18.457417 ], [ -66.10656, 18.457411 ], [ -66.106563, 18.457401 ], [ -66.106568, 18.457391 ], [ -66.106572, 18.45738 ], [ -66.106578, 18.45737 ], [ -66.106584, 18.45736 ], [ -66.10659, 18.457351 ], [ -66.106596, 18.457343 ], [ -66.106602, 18.457336 ], [ -66.10661, 18.457327 ], [ -66.106616, 18.457319 ], [ -66.106623, 18.45731 ], [ -66.106629, 18.457302 ], [ -66.106635, 18.45729 ], [ -66.106642, 18.457277 ], [ -66.106647, 18.457267 ], [ -66.106652, 18.457256 ], [ -66.106657, 18.457248 ], [ -66.106659, 18.457238 ], [ -66.106662, 18.457228 ], [ -66.106665, 18.457218 ], [ -66.106669, 18.457206 ], [ -66.106674, 18.457193 ], [ -66.106679, 18.457182 ], [ -66.106683, 18.457173 ], [ -66.106689, 18.457161 ], [ -66.106696, 18.45715 ], [ -66.106702, 18.457142 ], [ -66.106708, 18.457134 ], [ -66.106715, 18.457123 ], [ -66.106721, 18.457115 ], [ -66.106728, 18.457104 ], [ -66.106734, 18.457095 ], [ -66.10674, 18.457084 ], [ -66.106745, 18.457075 ], [ -66.106749, 18.457067 ], [ -66.106753, 18.457058 ], [ -66.106756, 18.457046 ], [ -66.10676, 18.457037 ], [ -66.106762, 18.457028 ], [ -66.106765, 18.457018 ], [ -66.106766, 18.457008 ], [ -66.106766, 18.456999 ], [ -66.106766, 18.456988 ], [ -66.106769, 18.456978 ], [ -66.106772, 18.456968 ], [ -66.106778, 18.456958 ], [ -66.106784, 18.45695 ], [ -66.10679, 18.456943 ], [ -66.106796, 18.456934 ], [ -66.106801, 18.456925 ], [ -66.106805, 18.456917 ], [ -66.106809, 18.456907 ], [ -66.106809, 18.456904 ], [ -66.106808, 18.456895 ], [ -66.106803, 18.456886 ], [ -66.106799, 18.456877 ], [ -66.106798, 18.456875 ], [ -66.106792, 18.456868 ], [ -66.106786, 18.45686 ], [ -66.10678, 18.456851 ], [ -66.106775, 18.456843 ], [ -66.10677, 18.456834 ], [ -66.106766, 18.456824 ], [ -66.106764, 18.456813 ], [ -66.106765, 18.456803 ], [ -66.106766, 18.456793 ], [ -66.106769, 18.456784 ], [ -66.10677, 18.456774 ], [ -66.106769, 18.456762 ], [ -66.106769, 18.456751 ], [ -66.106768, 18.456741 ], [ -66.106767, 18.456732 ], [ -66.106766, 18.45672 ], [ -66.106765, 18.456708 ], [ -66.106763, 18.456698 ], [ -66.10676, 18.456688 ], [ -66.106758, 18.456677 ], [ -66.106755, 18.456667 ], [ -66.106754, 18.456658 ], [ -66.106754, 18.456647 ], [ -66.106754, 18.456637 ], [ -66.106752, 18.456627 ], [ -66.10675, 18.456615 ], [ -66.106748, 18.456606 ], [ -66.106748, 18.456594 ], [ -66.106747, 18.456584 ], [ -66.106744, 18.456572 ], [ -66.106739, 18.456562 ], [ -66.106734, 18.456552 ], [ -66.106733, 18.456542 ], [ -66.106733, 18.456533 ], [ -66.106731, 18.456522 ], [ -66.106729, 18.456513 ], [ -66.106727, 18.456504 ], [ -66.106724, 18.456494 ], [ -66.106722, 18.456483 ], [ -66.106721, 18.456473 ], [ -66.10672, 18.456464 ], [ -66.10672, 18.456455 ], [ -66.10672, 18.456443 ], [ -66.10672, 18.456432 ], [ -66.106719, 18.456422 ], [ -66.106718, 18.456412 ], [ -66.106716, 18.456402 ], [ -66.106714, 18.456392 ], [ -66.106712, 18.456383 ], [ -66.10671, 18.456373 ], [ -66.106708, 18.456364 ], [ -66.106703, 18.456353 ], [ -66.106699, 18.456345 ], [ -66.106695, 18.456337 ], [ -66.106691, 18.456328 ], [ -66.106687, 18.456318 ], [ -66.106685, 18.456314 ], [ -66.106684, 18.45631 ], [ -66.106682, 18.4563 ], [ -66.10668, 18.45629 ], [ -66.10668, 18.456281 ], [ -66.106679, 18.456271 ], [ -66.106679, 18.456262 ], [ -66.106679, 18.456252 ], [ -66.106678, 18.456242 ], [ -66.106675, 18.456229 ], [ -66.106673, 18.456218 ], [ -66.106668, 18.456199 ], [ -66.106666, 18.45619 ], [ -66.106666, 18.45618 ], [ -66.106666, 18.45617 ], [ -66.106665, 18.456167 ], [ -66.106664, 18.456161 ], [ -66.106662, 18.456151 ], [ -66.106661, 18.456146 ], [ -66.10666, 18.456142 ], [ -66.106657, 18.456133 ], [ -66.106656, 18.456123 ], [ -66.106654, 18.456114 ], [ -66.106653, 18.456107 ], [ -66.106653, 18.456104 ], [ -66.106652, 18.456094 ], [ -66.106653, 18.456093 ], [ -66.106652, 18.456092 ], [ -66.106649, 18.456083 ], [ -66.106647, 18.456074 ], [ -66.106647, 18.456074 ], [ -66.106645, 18.456063 ], [ -66.106644, 18.456059 ], [ -66.106643, 18.456054 ], [ -66.106641, 18.456042 ], [ -66.10664, 18.456039 ], [ -66.106638, 18.456033 ], [ -66.106635, 18.456024 ], [ -66.106633, 18.456015 ], [ -66.106632, 18.456006 ], [ -66.10663, 18.455995 ], [ -66.106628, 18.455986 ], [ -66.106626, 18.455976 ], [ -66.106622, 18.455958 ], [ -66.106619, 18.455947 ], [ -66.106615, 18.455937 ], [ -66.106609, 18.455924 ], [ -66.106605, 18.455914 ], [ -66.106599, 18.455905 ], [ -66.106594, 18.455895 ], [ -66.10659, 18.455885 ], [ -66.106585, 18.455875 ], [ -66.106579, 18.455864 ], [ -66.106574, 18.455853 ], [ -66.10657, 18.455844 ], [ -66.106564, 18.45583 ], [ -66.106558, 18.455817 ], [ -66.106551, 18.455802 ], [ -66.106544, 18.455789 ], [ -66.106538, 18.455779 ], [ -66.106534, 18.455771 ], [ -66.106528, 18.455758 ], [ -66.106522, 18.455745 ], [ -66.106514, 18.45573 ], [ -66.106508, 18.455719 ], [ -66.106501, 18.455708 ], [ -66.106496, 18.455699 ], [ -66.106489, 18.455691 ], [ -66.106484, 18.455682 ], [ -66.106476, 18.455671 ], [ -66.106469, 18.455661 ], [ -66.106463, 18.455653 ], [ -66.106457, 18.455642 ], [ -66.106452, 18.45563 ], [ -66.106447, 18.455615 ], [ -66.106442, 18.455606 ], [ -66.106437, 18.455597 ], [ -66.106431, 18.455588 ], [ -66.106426, 18.455579 ], [ -66.106418, 18.455566 ], [ -66.106413, 18.455558 ], [ -66.106404, 18.455547 ], [ -66.106397, 18.455538 ], [ -66.106384, 18.455526 ], [ -66.106375, 18.45552 ], [ -66.106364, 18.455512 ], [ -66.106356, 18.455507 ], [ -66.106346, 18.455497 ], [ -66.106338, 18.45549 ], [ -66.106328, 18.455483 ], [ -66.10632, 18.455479 ], [ -66.10631, 18.455473 ], [ -66.106302, 18.455467 ], [ -66.106293, 18.455459 ], [ -66.106285, 18.45545 ], [ -66.106279, 18.455442 ], [ -66.106267, 18.455432 ], [ -66.106262, 18.455427 ], [ -66.106254, 18.45542 ], [ -66.106247, 18.455413 ], [ -66.10624, 18.455406 ], [ -66.106232, 18.455398 ], [ -66.106225, 18.455391 ], [ -66.106218, 18.455385 ], [ -66.106209, 18.455379 ], [ -66.106201, 18.455372 ], [ -66.106194, 18.455364 ], [ -66.106185, 18.455355 ], [ -66.106179, 18.455349 ], [ -66.106172, 18.455341 ], [ -66.106166, 18.455334 ], [ -66.106158, 18.455326 ], [ -66.106151, 18.455319 ], [ -66.106149, 18.455317 ], [ -66.106144, 18.455313 ], [ -66.106136, 18.455307 ], [ -66.106127, 18.4553 ], [ -66.10612, 18.455293 ], [ -66.106112, 18.455283 ], [ -66.106105, 18.455274 ], [ -66.106099, 18.455267 ], [ -66.106092, 18.455259 ], [ -66.106087, 18.455251 ], [ -66.106081, 18.455242 ], [ -66.106081, 18.455242 ], [ -66.106075, 18.455235 ], [ -66.106069, 18.455226 ], [ -66.106062, 18.455217 ], [ -66.106055, 18.455209 ], [ -66.106047, 18.4552 ], [ -66.10604, 18.455192 ], [ -66.106032, 18.455184 ], [ -66.106025, 18.455177 ], [ -66.10602, 18.455169 ], [ -66.106014, 18.45516 ], [ -66.106008, 18.455152 ], [ -66.106002, 18.455143 ], [ -66.105998, 18.455134 ], [ -66.105994, 18.455126 ], [ -66.10599, 18.455118 ], [ -66.105984, 18.455108 ], [ -66.105978, 18.4551 ], [ -66.105971, 18.455092 ], [ -66.105967, 18.455084 ], [ -66.105963, 18.455075 ], [ -66.105956, 18.455068 ], [ -66.105949, 18.455061 ], [ -66.105943, 18.455055 ], [ -66.105937, 18.455047 ], [ -66.105933, 18.455038 ], [ -66.105928, 18.45503 ], [ -66.105923, 18.455021 ], [ -66.105917, 18.455013 ], [ -66.105912, 18.455005 ], [ -66.105907, 18.454994 ], [ -66.105904, 18.454984 ], [ -66.1059, 18.454974 ], [ -66.105895, 18.454965 ], [ -66.105891, 18.454955 ], [ -66.105888, 18.454946 ], [ -66.105885, 18.454937 ], [ -66.105883, 18.454934 ], [ -66.105881, 18.454928 ], [ -66.105877, 18.454918 ], [ -66.105876, 18.454906 ], [ -66.105872, 18.454898 ], [ -66.105866, 18.454889 ], [ -66.105863, 18.454879 ], [ -66.105862, 18.454874 ], [ -66.105863, 18.454864 ], [ -66.105863, 18.454859 ], [ -66.105858, 18.454848 ], [ -66.105853, 18.454837 ], [ -66.10585, 18.454828 ], [ -66.105847, 18.454819 ], [ -66.105846, 18.454809 ], [ -66.105846, 18.454808 ], [ -66.105843, 18.454799 ], [ -66.10584, 18.45479 ], [ -66.105836, 18.454781 ], [ -66.105832, 18.454772 ], [ -66.105827, 18.454763 ], [ -66.105823, 18.454754 ], [ -66.10582, 18.454745 ], [ -66.105818, 18.454736 ], [ -66.105813, 18.454727 ], [ -66.105808, 18.454718 ], [ -66.105804, 18.454709 ], [ -66.105799, 18.4547 ], [ -66.105795, 18.454691 ], [ -66.105791, 18.454683 ], [ -66.105785, 18.454673 ], [ -66.10578, 18.454663 ], [ -66.105775, 18.454651 ], [ -66.105771, 18.454644 ], [ -66.10577, 18.454641 ], [ -66.105766, 18.454632 ], [ -66.105761, 18.454623 ], [ -66.105756, 18.454615 ], [ -66.105749, 18.454607 ], [ -66.105743, 18.454598 ], [ -66.105738, 18.454589 ], [ -66.105734, 18.454579 ], [ -66.105731, 18.45457 ], [ -66.105728, 18.454561 ], [ -66.105724, 18.454552 ], [ -66.105719, 18.454542 ], [ -66.105713, 18.454534 ], [ -66.10571, 18.454525 ], [ -66.105707, 18.454516 ], [ -66.105702, 18.454507 ], [ -66.105696, 18.454497 ], [ -66.10569, 18.454489 ], [ -66.105685, 18.454481 ], [ -66.105679, 18.454473 ], [ -66.105674, 18.454465 ], [ -66.105669, 18.454456 ], [ -66.105666, 18.454451 ], [ -66.105665, 18.454451 ], [ -66.105661, 18.454442 ], [ -66.105657, 18.454433 ], [ -66.105652, 18.454424 ], [ -66.105653, 18.454423 ], [ -66.105652, 18.454421 ], [ -66.10565, 18.454412 ], [ -66.105648, 18.454409 ], [ -66.105647, 18.454408 ], [ -66.105641, 18.454401 ], [ -66.105633, 18.454394 ], [ -66.105627, 18.454386 ], [ -66.105618, 18.454375 ], [ -66.105611, 18.454366 ], [ -66.105605, 18.454358 ], [ -66.105598, 18.454348 ], [ -66.105592, 18.454338 ], [ -66.105583, 18.454329 ], [ -66.105574, 18.454321 ], [ -66.105565, 18.454315 ], [ -66.105557, 18.454308 ], [ -66.105545, 18.454297 ], [ -66.105537, 18.45429 ], [ -66.10553, 18.454281 ], [ -66.105522, 18.454274 ], [ -66.105514, 18.454269 ], [ -66.105503, 18.45426 ], [ -66.105494, 18.454254 ], [ -66.105486, 18.454248 ], [ -66.105477, 18.454242 ], [ -66.105467, 18.454236 ], [ -66.105455, 18.454232 ], [ -66.105446, 18.454228 ], [ -66.105437, 18.454224 ], [ -66.105424, 18.454217 ], [ -66.105413, 18.454212 ], [ -66.105399, 18.454209 ], [ -66.10539, 18.454208 ], [ -66.105375, 18.454208 ], [ -66.105365, 18.454207 ], [ -66.105355, 18.454205 ], [ -66.105343, 18.454203 ], [ -66.105333, 18.454202 ], [ -66.105323, 18.454202 ], [ -66.105313, 18.454203 ], [ -66.105303, 18.454204 ], [ -66.105292, 18.454207 ], [ -66.105281, 18.454209 ], [ -66.10527, 18.454214 ], [ -66.10526, 18.454219 ], [ -66.105251, 18.454225 ], [ -66.105244, 18.454231 ], [ -66.105242, 18.454232 ], [ -66.105241, 18.454232 ], [ -66.10524, 18.454232 ], [ -66.105239, 18.454233 ], [ -66.105232, 18.454232 ], [ -66.10523, 18.454232 ], [ -66.105227, 18.454231 ], [ -66.105223, 18.454228 ], [ -66.105217, 18.454221 ], [ -66.10521, 18.454213 ], [ -66.105204, 18.454206 ], [ -66.105198, 18.454198 ], [ -66.105191, 18.454189 ], [ -66.105183, 18.45418 ], [ -66.105178, 18.454177 ], [ -66.105175, 18.454174 ], [ -66.105165, 18.454168 ], [ -66.105159, 18.454162 ], [ -66.105158, 18.454161 ], [ -66.105156, 18.454159 ], [ -66.105155, 18.454157 ], [ -66.105155, 18.454156 ], [ -66.105154, 18.454152 ], [ -66.105152, 18.454146 ], [ -66.105151, 18.454137 ], [ -66.105149, 18.454126 ], [ -66.105146, 18.454117 ], [ -66.105144, 18.454107 ], [ -66.10514, 18.454096 ], [ -66.105136, 18.454083 ], [ -66.105133, 18.454074 ], [ -66.105131, 18.454065 ], [ -66.105127, 18.454054 ], [ -66.105125, 18.454045 ], [ -66.105124, 18.454043 ], [ -66.10512, 18.454035 ], [ -66.10512, 18.454034 ], [ -66.105119, 18.454022 ], [ -66.105115, 18.454012 ], [ -66.105112, 18.454005 ], [ -66.105111, 18.454004 ], [ -66.105105, 18.453995 ], [ -66.105097, 18.453986 ], [ -66.105095, 18.453985 ], [ -66.105084, 18.453981 ], [ -66.105075, 18.453977 ], [ -66.105074, 18.453977 ], [ -66.105067, 18.45397 ], [ -66.105062, 18.453968 ], [ -66.10506, 18.453967 ], [ -66.105057, 18.453967 ], [ -66.105047, 18.453967 ], [ -66.105045, 18.453967 ], [ -66.105042, 18.453965 ], [ -66.105035, 18.453958 ], [ -66.105027, 18.453949 ], [ -66.105019, 18.453941 ], [ -66.105016, 18.453939 ], [ -66.105005, 18.453936 ], [ -66.105002, 18.453936 ], [ -66.105, 18.453937 ], [ -66.104992, 18.453942 ], [ -66.104987, 18.453943 ], [ -66.104986, 18.453943 ], [ -66.104977, 18.453941 ], [ -66.104966, 18.453935 ], [ -66.104958, 18.453928 ], [ -66.104952, 18.453925 ], [ -66.104949, 18.453924 ], [ -66.10494, 18.453924 ], [ -66.104929, 18.453923 ], [ -66.104917, 18.453923 ], [ -66.104908, 18.453922 ], [ -66.104898, 18.45392 ], [ -66.104886, 18.45392 ], [ -66.104876, 18.45392 ], [ -66.104864, 18.453921 ], [ -66.104851, 18.453921 ], [ -66.104837, 18.453922 ], [ -66.104826, 18.453925 ], [ -66.104822, 18.453928 ], [ -66.104815, 18.453934 ], [ -66.104808, 18.45394 ], [ -66.104798, 18.453945 ], [ -66.104789, 18.453947 ], [ -66.104778, 18.453949 ], [ -66.104768, 18.453953 ], [ -66.104755, 18.453955 ], [ -66.104745, 18.453959 ], [ -66.10473, 18.453963 ], [ -66.104725, 18.453964 ], [ -66.104716, 18.453972 ], [ -66.104714, 18.453972 ], [ -66.104702, 18.453977 ], [ -66.104691, 18.453982 ], [ -66.104682, 18.453986 ], [ -66.10467, 18.453988 ], [ -66.104658, 18.45399 ], [ -66.104643, 18.453989 ], [ -66.104641, 18.45399 ], [ -66.104632, 18.453994 ], [ -66.104622, 18.453995 ], [ -66.104611, 18.453996 ], [ -66.1046, 18.453998 ], [ -66.10459, 18.454002 ], [ -66.104581, 18.454005 ], [ -66.104571, 18.454006 ], [ -66.104561, 18.454007 ], [ -66.104559, 18.454008 ], [ -66.104548, 18.454012 ], [ -66.104545, 18.454012 ], [ -66.104534, 18.454012 ], [ -66.104524, 18.45401 ], [ -66.104513, 18.45401 ], [ -66.104503, 18.454012 ], [ -66.104498, 18.454014 ], [ -66.104493, 18.454018 ], [ -66.104488, 18.454024 ], [ -66.104487, 18.454025 ], [ -66.104484, 18.454027 ], [ -66.104474, 18.454032 ], [ -66.104462, 18.454035 ], [ -66.10446, 18.454036 ], [ -66.10445, 18.454042 ], [ -66.104441, 18.454046 ], [ -66.104431, 18.45405 ], [ -66.104421, 18.454052 ], [ -66.104408, 18.454055 ], [ -66.104396, 18.454056 ], [ -66.104386, 18.454057 ], [ -66.104372, 18.454059 ], [ -66.104362, 18.45406 ], [ -66.104349, 18.454062 ], [ -66.104337, 18.454064 ], [ -66.104328, 18.454068 ], [ -66.104318, 18.454072 ], [ -66.104308, 18.454076 ], [ -66.104299, 18.454077 ], [ -66.104287, 18.454077 ], [ -66.104276, 18.454075 ], [ -66.104263, 18.454073 ], [ -66.104252, 18.454073 ], [ -66.104242, 18.454074 ], [ -66.104228, 18.454078 ], [ -66.104216, 18.454084 ], [ -66.104203, 18.454089 ], [ -66.1042, 18.454089 ], [ -66.104189, 18.454089 ], [ -66.104178, 18.454091 ], [ -66.104168, 18.454091 ], [ -66.104159, 18.45409 ], [ -66.104146, 18.454088 ], [ -66.104141, 18.454085 ], [ -66.104138, 18.454083 ], [ -66.104132, 18.454074 ], [ -66.104127, 18.454065 ], [ -66.104124, 18.454054 ], [ -66.104121, 18.454042 ], [ -66.104118, 18.454036 ], [ -66.104117, 18.454032 ], [ -66.104112, 18.454024 ], [ -66.104106, 18.454016 ], [ -66.104105, 18.454013 ], [ -66.104102, 18.454002 ], [ -66.104099, 18.453993 ], [ -66.104098, 18.453986 ], [ -66.104099, 18.453985 ], [ -66.104101, 18.453982 ], [ -66.104103, 18.453981 ], [ -66.104113, 18.453979 ], [ -66.104122, 18.453979 ], [ -66.104135, 18.453979 ], [ -66.104136, 18.453979 ], [ -66.104138, 18.453977 ], [ -66.104139, 18.453976 ], [ -66.104138, 18.453975 ], [ -66.104135, 18.453966 ], [ -66.104131, 18.453957 ], [ -66.104127, 18.453948 ], [ -66.104124, 18.453937 ], [ -66.104121, 18.453927 ], [ -66.104119, 18.453914 ], [ -66.104117, 18.453904 ], [ -66.104114, 18.453892 ], [ -66.104112, 18.453881 ], [ -66.104109, 18.453871 ], [ -66.104109, 18.453867 ], [ -66.104109, 18.453865 ], [ -66.10411, 18.453864 ], [ -66.10411, 18.45386 ], [ -66.104115, 18.45385 ], [ -66.104117, 18.45385 ], [ -66.104128, 18.453849 ], [ -66.104138, 18.453848 ], [ -66.104146, 18.453849 ], [ -66.104156, 18.453848 ], [ -66.104166, 18.453847 ], [ -66.104176, 18.453845 ], [ -66.104186, 18.453843 ], [ -66.104196, 18.453841 ], [ -66.104205, 18.453839 ], [ -66.104215, 18.453837 ], [ -66.104224, 18.453835 ], [ -66.104236, 18.453834 ], [ -66.104246, 18.453833 ], [ -66.104258, 18.453832 ], [ -66.10427, 18.453829 ], [ -66.104283, 18.453827 ], [ -66.104294, 18.453825 ], [ -66.104303, 18.453823 ], [ -66.104314, 18.453821 ], [ -66.104324, 18.453819 ], [ -66.104334, 18.453817 ], [ -66.104347, 18.453816 ], [ -66.104358, 18.453814 ], [ -66.104368, 18.453813 ], [ -66.104379, 18.453811 ], [ -66.10439, 18.45381 ], [ -66.104401, 18.453808 ], [ -66.104411, 18.453807 ], [ -66.104422, 18.453806 ], [ -66.104433, 18.453803 ], [ -66.104447, 18.453801 ], [ -66.104458, 18.453799 ], [ -66.104474, 18.453797 ], [ -66.104487, 18.453795 ], [ -66.104497, 18.453794 ], [ -66.10451, 18.45379 ], [ -66.10452, 18.453788 ], [ -66.10453, 18.453785 ], [ -66.104543, 18.453783 ], [ -66.104553, 18.453778 ], [ -66.104556, 18.453776 ], [ -66.104554, 18.453756 ], [ -66.104547, 18.453718 ], [ -66.10454, 18.453693 ], [ -66.104502, 18.453657 ], [ -66.104472, 18.453627 ], [ -66.104445, 18.453601 ], [ -66.104419, 18.453575 ], [ -66.104374, 18.453536 ], [ -66.104339, 18.453566 ], [ -66.104311, 18.453594 ], [ -66.104253, 18.453538 ], [ -66.104177, 18.45347 ], [ -66.104101, 18.453402 ], [ -66.104033, 18.45334 ], [ -66.103974, 18.45329 ], [ -66.103897, 18.45322 ], [ -66.103812, 18.453145 ], [ -66.103774, 18.453181 ], [ -66.103773, 18.453182 ], [ -66.103757, 18.453166 ], [ -66.103754, 18.453163 ], [ -66.103753, 18.453161 ], [ -66.103753, 18.45316 ], [ -66.10375, 18.453152 ], [ -66.103748, 18.453153 ], [ -66.103745, 18.453154 ], [ -66.103744, 18.453155 ], [ -66.103735, 18.45316 ], [ -66.103734, 18.453159 ], [ -66.103732, 18.453158 ], [ -66.103731, 18.453158 ], [ -66.10373, 18.453155 ], [ -66.103726, 18.453147 ], [ -66.103727, 18.453145 ], [ -66.103728, 18.453136 ], [ -66.103728, 18.453134 ], [ -66.103723, 18.453125 ], [ -66.103718, 18.453117 ], [ -66.103713, 18.453108 ], [ -66.103713, 18.453106 ], [ -66.103713, 18.453104 ], [ -66.103714, 18.453094 ], [ -66.103716, 18.45309 ], [ -66.103721, 18.453081 ], [ -66.103728, 18.453074 ], [ -66.103729, 18.453072 ], [ -66.103729, 18.45307 ], [ -66.103729, 18.453068 ], [ -66.103727, 18.453058 ], [ -66.103725, 18.453048 ], [ -66.103721, 18.45304 ], [ -66.103717, 18.453031 ], [ -66.103713, 18.453026 ], [ -66.103711, 18.453025 ], [ -66.103701, 18.453021 ], [ -66.103699, 18.45302 ], [ -66.103697, 18.453017 ], [ -66.103689, 18.45301 ], [ -66.103681, 18.453004 ], [ -66.103673, 18.453 ], [ -66.103669, 18.453 ], [ -66.10366, 18.452998 ], [ -66.10365, 18.452999 ], [ -66.103649, 18.453 ], [ -66.103643, 18.453001 ], [ -66.103632, 18.453 ], [ -66.10363, 18.452999 ], [ -66.103621, 18.452996 ], [ -66.103611, 18.45299 ], [ -66.103601, 18.452982 ], [ -66.103595, 18.452974 ], [ -66.103591, 18.452964 ], [ -66.103586, 18.452956 ], [ -66.103581, 18.452948 ], [ -66.103576, 18.452939 ], [ -66.103569, 18.45293 ], [ -66.103563, 18.452922 ], [ -66.103558, 18.452913 ], [ -66.103551, 18.452905 ], [ -66.103543, 18.452898 ], [ -66.103534, 18.45289 ], [ -66.103526, 18.452883 ], [ -66.103518, 18.452875 ], [ -66.103511, 18.452868 ], [ -66.103502, 18.452861 ], [ -66.103495, 18.452853 ], [ -66.103486, 18.452845 ], [ -66.103477, 18.452836 ], [ -66.103468, 18.452829 ], [ -66.103458, 18.452823 ], [ -66.103448, 18.452815 ], [ -66.103438, 18.452806 ], [ -66.10343, 18.452799 ], [ -66.103422, 18.452793 ], [ -66.103411, 18.452785 ], [ -66.103402, 18.45278 ], [ -66.103389, 18.452769 ], [ -66.103382, 18.452763 ], [ -66.103374, 18.452757 ], [ -66.103363, 18.452748 ], [ -66.103355, 18.452741 ], [ -66.103354, 18.45274 ], [ -66.103352, 18.452739 ], [ -66.103343, 18.452734 ], [ -66.103336, 18.452727 ], [ -66.103329, 18.45272 ], [ -66.103322, 18.452713 ], [ -66.103317, 18.452705 ], [ -66.103309, 18.452695 ], [ -66.1033, 18.452687 ], [ -66.103291, 18.452681 ], [ -66.103282, 18.452675 ], [ -66.103273, 18.45267 ], [ -66.103265, 18.452663 ], [ -66.103256, 18.452656 ], [ -66.103249, 18.452648 ], [ -66.103238, 18.452636 ], [ -66.103231, 18.452629 ], [ -66.103223, 18.452621 ], [ -66.103215, 18.452613 ], [ -66.103203, 18.452602 ], [ -66.103196, 18.452596 ], [ -66.103186, 18.452588 ], [ -66.103175, 18.45258 ], [ -66.103165, 18.452574 ], [ -66.103154, 18.452567 ], [ -66.103144, 18.452561 ], [ -66.103133, 18.452551 ], [ -66.103121, 18.452542 ], [ -66.103111, 18.452533 ], [ -66.103098, 18.452524 ], [ -66.103089, 18.452519 ], [ -66.103078, 18.452511 ], [ -66.10307, 18.452503 ], [ -66.103061, 18.452497 ], [ -66.103052, 18.452492 ], [ -66.103041, 18.452486 ], [ -66.103032, 18.45248 ], [ -66.103021, 18.452472 ], [ -66.103014, 18.452464 ], [ -66.103005, 18.452456 ], [ -66.102998, 18.452447 ], [ -66.102992, 18.452437 ], [ -66.102989, 18.452433 ], [ -66.102986, 18.452432 ], [ -66.102976, 18.452427 ], [ -66.102972, 18.452428 ], [ -66.102962, 18.452427 ], [ -66.102957, 18.452424 ], [ -66.102948, 18.452417 ], [ -66.102942, 18.452409 ], [ -66.102936, 18.452398 ], [ -66.102929, 18.452391 ], [ -66.10292, 18.452382 ], [ -66.102913, 18.452376 ], [ -66.102911, 18.452372 ], [ -66.102904, 18.452361 ], [ -66.102896, 18.452352 ], [ -66.10289, 18.452344 ], [ -66.102886, 18.452335 ], [ -66.102885, 18.452333 ], [ -66.102878, 18.452326 ], [ -66.10287, 18.452321 ], [ -66.102862, 18.452316 ], [ -66.102854, 18.45231 ], [ -66.102845, 18.452304 ], [ -66.102837, 18.452299 ], [ -66.102827, 18.45229 ], [ -66.102818, 18.452281 ], [ -66.102809, 18.45227 ], [ -66.102802, 18.452263 ], [ -66.102794, 18.452255 ], [ -66.102785, 18.452248 ], [ -66.102775, 18.452239 ], [ -66.102762, 18.452228 ], [ -66.102753, 18.452221 ], [ -66.102746, 18.452214 ], [ -66.102736, 18.452205 ], [ -66.102727, 18.452198 ], [ -66.102716, 18.452189 ], [ -66.102705, 18.452181 ], [ -66.102696, 18.452174 ], [ -66.102687, 18.452168 ], [ -66.10268, 18.452162 ], [ -66.102672, 18.452155 ], [ -66.102665, 18.452149 ], [ -66.102654, 18.452139 ], [ -66.102644, 18.45213 ], [ -66.102631, 18.452118 ], [ -66.102624, 18.452112 ], [ -66.102616, 18.452105 ], [ -66.102609, 18.452097 ], [ -66.1026, 18.452089 ], [ -66.102592, 18.45208 ], [ -66.102583, 18.452073 ], [ -66.102574, 18.452065 ], [ -66.102563, 18.452055 ], [ -66.102556, 18.452048 ], [ -66.102546, 18.452037 ], [ -66.102537, 18.452029 ], [ -66.102526, 18.452019 ], [ -66.102518, 18.452011 ], [ -66.102509, 18.452002 ], [ -66.1025, 18.451993 ], [ -66.102488, 18.45198 ], [ -66.102481, 18.451973 ], [ -66.102471, 18.451965 ], [ -66.102464, 18.451959 ], [ -66.102456, 18.451953 ], [ -66.102447, 18.451949 ], [ -66.102439, 18.451944 ], [ -66.10243, 18.451942 ], [ -66.102428, 18.451942 ], [ -66.102416, 18.451942 ], [ -66.102405, 18.45194 ], [ -66.102394, 18.45194 ], [ -66.102384, 18.45194 ], [ -66.102375, 18.451941 ], [ -66.102369, 18.451943 ], [ -66.102359, 18.45195 ], [ -66.102351, 18.451957 ], [ -66.102347, 18.451962 ], [ -66.102342, 18.45197 ], [ -66.102339, 18.45198 ], [ -66.102335, 18.451989 ], [ -66.102335, 18.451989 ], [ -66.102333, 18.451992 ], [ -66.102329, 18.451997 ], [ -66.102324, 18.452002 ], [ -66.102322, 18.452002 ], [ -66.10232, 18.452003 ], [ -66.102318, 18.452002 ], [ -66.102309, 18.451998 ], [ -66.102302, 18.451991 ], [ -66.102299, 18.451988 ], [ -66.102296, 18.451979 ], [ -66.102291, 18.45197 ], [ -66.102288, 18.451961 ], [ -66.102287, 18.451959 ], [ -66.102288, 18.451957 ], [ -66.102288, 18.451956 ], [ -66.102289, 18.451955 ], [ -66.102291, 18.451952 ], [ -66.102291, 18.451951 ], [ -66.102293, 18.45195 ], [ -66.102301, 18.451943 ], [ -66.102307, 18.451935 ], [ -66.102312, 18.451927 ], [ -66.102318, 18.451919 ], [ -66.102325, 18.45191 ], [ -66.102332, 18.451902 ], [ -66.102338, 18.451895 ], [ -66.102345, 18.451888 ], [ -66.102357, 18.451878 ], [ -66.102375, 18.45189 ], [ -66.102404, 18.451865 ], [ -66.102498, 18.451775 ], [ -66.102617, 18.451662 ], [ -66.102646, 18.451635 ], [ -66.102653, 18.451629 ], [ -66.102663, 18.451619 ], [ -66.102673, 18.451606 ], [ -66.102685, 18.451591 ], [ -66.102696, 18.451576 ], [ -66.102707, 18.451552 ], [ -66.102709, 18.45154 ], [ -66.102708, 18.451533 ], [ -66.102636, 18.451461 ], [ -66.102627, 18.451459 ], [ -66.102616, 18.45146 ], [ -66.102605, 18.451461 ], [ -66.102598, 18.451462 ], [ -66.102592, 18.451464 ], [ -66.102585, 18.451469 ], [ -66.102576, 18.451475 ], [ -66.102566, 18.451481 ], [ -66.102553, 18.45149 ], [ -66.102489, 18.45155 ], [ -66.102414, 18.451621 ], [ -66.102364, 18.451668 ], [ -66.102289, 18.451741 ], [ -66.102268, 18.451761 ], [ -66.102249, 18.451782 ], [ -66.102218, 18.451748 ], [ -66.102198, 18.45173 ], [ -66.102148, 18.451683 ], [ -66.102068, 18.451607 ], [ -66.102011, 18.45156 ], [ -66.102011, 18.45156 ], [ -66.101928, 18.45149 ], [ -66.101897, 18.451516 ], [ -66.101874, 18.4515 ], [ -66.101859, 18.451489 ], [ -66.101846, 18.451481 ], [ -66.101838, 18.451474 ], [ -66.101823, 18.451464 ], [ -66.101816, 18.451459 ], [ -66.101804, 18.451451 ], [ -66.101793, 18.451443 ], [ -66.101782, 18.451435 ], [ -66.101775, 18.451429 ], [ -66.10176, 18.451417 ], [ -66.101749, 18.451407 ], [ -66.101738, 18.451398 ], [ -66.101729, 18.451391 ], [ -66.101707, 18.451377 ], [ -66.1017, 18.45137 ], [ -66.101693, 18.451364 ], [ -66.101686, 18.451358 ], [ -66.101674, 18.451349 ], [ -66.101665, 18.451342 ], [ -66.101657, 18.451337 ], [ -66.101648, 18.451331 ], [ -66.10164, 18.451325 ], [ -66.101627, 18.451316 ], [ -66.101619, 18.45131 ], [ -66.101611, 18.451304 ], [ -66.101602, 18.451297 ], [ -66.101588, 18.451286 ], [ -66.10158, 18.45128 ], [ -66.101572, 18.451275 ], [ -66.101564, 18.451268 ], [ -66.101552, 18.451259 ], [ -66.101542, 18.451254 ], [ -66.101534, 18.451249 ], [ -66.101524, 18.451245 ], [ -66.101512, 18.451241 ], [ -66.101498, 18.451236 ], [ -66.101487, 18.451235 ], [ -66.101477, 18.451234 ], [ -66.101464, 18.451231 ], [ -66.101453, 18.451228 ], [ -66.101441, 18.451224 ], [ -66.10143, 18.451221 ], [ -66.101419, 18.451219 ], [ -66.101415, 18.451219 ], [ -66.101414, 18.451219 ], [ -66.101408, 18.451219 ], [ -66.101397, 18.451219 ], [ -66.101385, 18.451218 ], [ -66.101372, 18.451217 ], [ -66.101358, 18.451216 ], [ -66.101343, 18.451215 ], [ -66.101327, 18.451214 ], [ -66.101314, 18.451213 ], [ -66.101305, 18.451213 ], [ -66.101303, 18.451212 ], [ -66.101294, 18.451209 ], [ -66.101282, 18.451205 ], [ -66.101272, 18.451204 ], [ -66.101258, 18.451202 ], [ -66.101245, 18.4512 ], [ -66.101234, 18.451197 ], [ -66.101224, 18.451195 ], [ -66.101212, 18.45119 ], [ -66.101204, 18.451185 ], [ -66.101193, 18.451179 ], [ -66.101185, 18.451174 ], [ -66.101184, 18.451174 ], [ -66.101173, 18.451166 ], [ -66.101165, 18.451158 ], [ -66.101158, 18.45115 ], [ -66.101152, 18.451142 ], [ -66.101148, 18.451134 ], [ -66.101141, 18.451125 ], [ -66.101139, 18.451123 ], [ -66.101128, 18.451119 ], [ -66.101119, 18.451116 ], [ -66.101109, 18.451113 ], [ -66.101097, 18.45111 ], [ -66.101086, 18.451108 ], [ -66.101077, 18.451105 ], [ -66.101066, 18.451101 ], [ -66.101055, 18.451098 ], [ -66.101044, 18.451096 ], [ -66.101033, 18.451092 ], [ -66.101023, 18.451086 ], [ -66.101021, 18.451083 ], [ -66.101012, 18.451073 ], [ -66.101004, 18.451066 ], [ -66.100995, 18.451057 ], [ -66.100987, 18.451047 ], [ -66.100978, 18.451039 ], [ -66.100969, 18.451032 ], [ -66.100959, 18.451025 ], [ -66.10095, 18.45102 ], [ -66.100942, 18.451016 ], [ -66.10093, 18.451008 ], [ -66.100921, 18.451 ], [ -66.100911, 18.450994 ], [ -66.100901, 18.450987 ], [ -66.100892, 18.450982 ], [ -66.100881, 18.450978 ], [ -66.10087, 18.450978 ], [ -66.10086, 18.450979 ], [ -66.100847, 18.450978 ], [ -66.100834, 18.450974 ], [ -66.100825, 18.450971 ], [ -66.100814, 18.450969 ], [ -66.100804, 18.450968 ], [ -66.100793, 18.450967 ], [ -66.100787, 18.450968 ], [ -66.100777, 18.450971 ], [ -66.100765, 18.450974 ], [ -66.100754, 18.450975 ], [ -66.100734, 18.450978 ], [ -66.100716, 18.450979 ], [ -66.100704, 18.450983 ], [ -66.1007, 18.450987 ], [ -66.100692, 18.450992 ], [ -66.100683, 18.450996 ], [ -66.100674, 18.451002 ], [ -66.100665, 18.451007 ], [ -66.100656, 18.45101 ], [ -66.100646, 18.451012 ], [ -66.100636, 18.451014 ], [ -66.100625, 18.451016 ], [ -66.100615, 18.451016 ], [ -66.10061, 18.451015 ], [ -66.100609, 18.451014 ], [ -66.10055, 18.450963 ], [ -66.100491, 18.450911 ], [ -66.10046, 18.450944 ], [ -66.100436, 18.450969 ], [ -66.10038, 18.451031 ], [ -66.100324, 18.451094 ], [ -66.100265, 18.451159 ], [ -66.100183, 18.45125 ], [ -66.100101, 18.451341 ], [ -66.1001, 18.451342 ], [ -66.100094, 18.451349 ], [ -66.100088, 18.451356 ], [ -66.100082, 18.451364 ], [ -66.100075, 18.451371 ], [ -66.100069, 18.451378 ], [ -66.100064, 18.451386 ], [ -66.100057, 18.451394 ], [ -66.100049, 18.4514 ], [ -66.100042, 18.451407 ], [ -66.100037, 18.451415 ], [ -66.100031, 18.451422 ], [ -66.100024, 18.451429 ], [ -66.100017, 18.451437 ], [ -66.100012, 18.451445 ], [ -66.100006, 18.451452 ], [ -66.099999, 18.45146 ], [ -66.099993, 18.451467 ], [ -66.099986, 18.451473 ], [ -66.09998, 18.45148 ], [ -66.099973, 18.451487 ], [ -66.099967, 18.451495 ], [ -66.099961, 18.451502 ], [ -66.099954, 18.45151 ], [ -66.099946, 18.451519 ], [ -66.099938, 18.451527 ], [ -66.099931, 18.451534 ], [ -66.099925, 18.451541 ], [ -66.099918, 18.451547 ], [ -66.099911, 18.451555 ], [ -66.099903, 18.451562 ], [ -66.099896, 18.45157 ], [ -66.09989, 18.451577 ], [ -66.099888, 18.45158 ], [ -66.099883, 18.451585 ], [ -66.099876, 18.451592 ], [ -66.099875, 18.451592 ], [ -66.09987, 18.451595 ], [ -66.099861, 18.45159 ], [ -66.099855, 18.451585 ], [ -66.099848, 18.451578 ], [ -66.099847, 18.451578 ], [ -66.099846, 18.451577 ], [ -66.099842, 18.451577 ], [ -66.099832, 18.451575 ], [ -66.099822, 18.451575 ], [ -66.099821, 18.451574 ], [ -66.09982, 18.451574 ], [ -66.099819, 18.451573 ], [ -66.099811, 18.451568 ], [ -66.099804, 18.451562 ], [ -66.099798, 18.451554 ], [ -66.099791, 18.451547 ], [ -66.09979, 18.451543 ], [ -66.09979, 18.451542 ], [ -66.09979, 18.451541 ], [ -66.09979, 18.45154 ], [ -66.099795, 18.451532 ], [ -66.099795, 18.45153 ], [ -66.099793, 18.451528 ], [ -66.099792, 18.451527 ], [ -66.099784, 18.451521 ], [ -66.099776, 18.451515 ], [ -66.099775, 18.451514 ], [ -66.099771, 18.451514 ], [ -66.099769, 18.451514 ], [ -66.099768, 18.451515 ], [ -66.099766, 18.451518 ], [ -66.099759, 18.451526 ], [ -66.099752, 18.451532 ], [ -66.09975, 18.451533 ], [ -66.099741, 18.451535 ], [ -66.099732, 18.451538 ], [ -66.099723, 18.451539 ], [ -66.099722, 18.451539 ], [ -66.099712, 18.451538 ], [ -66.099709, 18.451538 ], [ -66.099708, 18.451539 ], [ -66.099699, 18.451544 ], [ -66.099689, 18.451548 ], [ -66.09968, 18.451552 ], [ -66.099678, 18.451553 ], [ -66.099672, 18.451559 ], [ -66.099665, 18.451567 ], [ -66.099658, 18.451575 ], [ -66.099655, 18.451576 ], [ -66.099644, 18.451582 ], [ -66.099634, 18.451586 ], [ -66.099625, 18.451591 ], [ -66.099623, 18.451592 ], [ -66.099622, 18.451593 ], [ -66.099621, 18.451596 ], [ -66.099622, 18.451597 ], [ -66.099625, 18.451606 ], [ -66.099626, 18.451608 ], [ -66.099625, 18.451611 ], [ -66.099618, 18.451617 ], [ -66.099617, 18.451618 ], [ -66.099605, 18.451619 ], [ -66.099595, 18.451618 ], [ -66.099588, 18.451616 ], [ -66.099588, 18.451615 ], [ -66.099586, 18.451613 ], [ -66.099586, 18.451612 ], [ -66.099584, 18.451608 ], [ -66.099583, 18.451607 ], [ -66.099583, 18.451606 ], [ -66.099582, 18.451605 ], [ -66.099583, 18.451605 ], [ -66.099584, 18.451596 ], [ -66.099583, 18.451595 ], [ -66.099579, 18.451595 ], [ -66.099575, 18.451595 ], [ -66.099573, 18.451596 ], [ -66.099565, 18.451601 ], [ -66.099555, 18.451606 ], [ -66.099543, 18.451611 ], [ -66.099531, 18.451616 ], [ -66.09952, 18.451618 ], [ -66.09951, 18.451618 ], [ -66.099508, 18.451617 ], [ -66.099496, 18.451612 ], [ -66.099481, 18.451608 ], [ -66.099471, 18.451607 ], [ -66.099458, 18.451607 ], [ -66.099456, 18.451607 ], [ -66.099444, 18.451609 ], [ -66.09943, 18.451611 ], [ -66.099419, 18.45161 ], [ -66.099407, 18.451608 ], [ -66.099394, 18.451607 ], [ -66.099384, 18.451607 ], [ -66.099371, 18.451605 ], [ -66.099361, 18.451605 ], [ -66.099359, 18.451605 ], [ -66.099356, 18.451603 ], [ -66.099346, 18.451599 ], [ -66.099336, 18.451596 ], [ -66.099326, 18.451594 ], [ -66.099317, 18.45159 ], [ -66.099307, 18.451586 ], [ -66.099297, 18.451582 ], [ -66.099289, 18.451578 ], [ -66.09928, 18.451573 ], [ -66.099271, 18.451569 ], [ -66.099262, 18.451567 ], [ -66.099258, 18.451567 ], [ -66.099247, 18.451567 ], [ -66.099237, 18.451566 ], [ -66.099236, 18.451566 ], [ -66.099228, 18.451561 ], [ -66.099226, 18.451559 ], [ -66.099218, 18.451551 ], [ -66.099205, 18.45154 ], [ -66.099198, 18.451534 ], [ -66.099192, 18.451527 ], [ -66.099185, 18.45152 ], [ -66.099182, 18.451516 ], [ -66.099181, 18.451514 ], [ -66.099181, 18.451512 ], [ -66.099183, 18.451502 ], [ -66.099183, 18.451493 ], [ -66.099182, 18.451491 ], [ -66.09918, 18.451489 ], [ -66.099179, 18.451488 ], [ -66.099176, 18.451486 ], [ -66.099169, 18.451484 ], [ -66.099157, 18.451484 ], [ -66.09915, 18.451482 ], [ -66.099149, 18.451481 ], [ -66.099141, 18.451474 ], [ -66.09913, 18.451467 ], [ -66.099121, 18.451462 ], [ -66.099112, 18.451458 ], [ -66.099102, 18.451454 ], [ -66.0991, 18.451452 ], [ -66.0991, 18.451451 ], [ -66.099101, 18.451446 ], [ -66.099102, 18.451446 ], [ -66.099109, 18.45144 ], [ -66.099116, 18.451433 ], [ -66.099123, 18.451425 ], [ -66.09913, 18.451418 ], [ -66.099136, 18.45141 ], [ -66.099143, 18.451402 ], [ -66.099148, 18.451395 ], [ -66.099151, 18.45139 ], [ -66.099153, 18.451386 ], [ -66.099157, 18.451377 ], [ -66.099157, 18.451376 ], [ -66.099156, 18.451376 ], [ -66.099153, 18.451373 ], [ -66.099144, 18.451369 ], [ -66.099136, 18.451363 ], [ -66.099135, 18.451363 ], [ -66.099128, 18.451357 ], [ -66.099116, 18.451347 ], [ -66.099107, 18.451339 ], [ -66.099097, 18.451331 ], [ -66.099089, 18.451325 ], [ -66.099081, 18.451319 ], [ -66.099072, 18.451311 ], [ -66.099063, 18.451304 ], [ -66.099055, 18.451297 ], [ -66.099045, 18.451293 ], [ -66.099043, 18.451294 ], [ -66.099035, 18.451299 ], [ -66.099028, 18.451306 ], [ -66.09902, 18.451312 ], [ -66.099014, 18.451319 ], [ -66.099007, 18.451327 ], [ -66.099001, 18.451334 ], [ -66.098993, 18.451342 ], [ -66.098986, 18.451349 ], [ -66.098984, 18.451351 ], [ -66.098983, 18.451351 ], [ -66.098982, 18.451351 ], [ -66.098981, 18.451351 ], [ -66.098978, 18.451349 ], [ -66.098976, 18.451349 ], [ -66.098965, 18.451349 ], [ -66.098955, 18.451349 ], [ -66.098943, 18.451347 ], [ -66.098934, 18.451344 ], [ -66.098925, 18.451339 ], [ -66.098916, 18.451332 ], [ -66.098908, 18.451325 ], [ -66.098899, 18.451318 ], [ -66.098887, 18.451313 ], [ -66.098878, 18.451309 ], [ -66.098868, 18.451306 ], [ -66.098858, 18.451303 ], [ -66.098848, 18.4513 ], [ -66.098843, 18.4513 ], [ -66.098842, 18.451301 ], [ -66.098841, 18.451301 ], [ -66.09884, 18.451301 ], [ -66.098839, 18.451302 ], [ -66.09883, 18.451306 ], [ -66.098821, 18.451308 ], [ -66.09881, 18.451308 ], [ -66.098803, 18.451307 ], [ -66.098799, 18.451305 ], [ -66.098797, 18.451304 ], [ -66.098789, 18.451294 ], [ -66.098785, 18.451286 ], [ -66.09878, 18.451278 ], [ -66.098773, 18.451272 ], [ -66.098766, 18.451262 ], [ -66.098761, 18.451253 ], [ -66.098755, 18.451245 ], [ -66.098747, 18.451239 ], [ -66.098745, 18.451238 ], [ -66.098736, 18.451234 ], [ -66.098726, 18.451228 ], [ -66.098718, 18.451221 ], [ -66.098712, 18.451213 ], [ -66.098704, 18.451204 ], [ -66.098697, 18.451197 ], [ -66.098692, 18.451187 ], [ -66.098687, 18.451178 ], [ -66.098685, 18.451177 ], [ -66.098678, 18.451169 ], [ -66.098672, 18.451162 ], [ -66.098665, 18.451152 ], [ -66.098659, 18.451145 ], [ -66.098653, 18.451137 ], [ -66.098647, 18.451129 ], [ -66.09864, 18.451122 ], [ -66.098634, 18.451113 ], [ -66.098629, 18.451105 ], [ -66.098623, 18.451097 ], [ -66.098616, 18.451088 ], [ -66.098609, 18.451079 ], [ -66.098602, 18.45107 ], [ -66.0986, 18.451066 ], [ -66.098597, 18.451062 ], [ -66.098591, 18.451052 ], [ -66.098584, 18.451044 ], [ -66.098577, 18.451036 ], [ -66.09857, 18.451029 ], [ -66.098563, 18.451022 ], [ -66.098555, 18.451013 ], [ -66.098548, 18.451005 ], [ -66.098541, 18.450996 ], [ -66.098533, 18.45099 ], [ -66.098525, 18.450984 ], [ -66.098517, 18.450977 ], [ -66.09851, 18.45097 ], [ -66.098501, 18.450964 ], [ -66.0985, 18.450963 ], [ -66.098491, 18.450958 ], [ -66.098482, 18.450953 ], [ -66.098474, 18.450947 ], [ -66.098471, 18.450944 ], [ -66.098464, 18.450936 ], [ -66.098457, 18.450927 ], [ -66.09845, 18.450921 ], [ -66.098442, 18.450912 ], [ -66.098433, 18.450902 ], [ -66.098426, 18.450895 ], [ -66.098418, 18.450888 ], [ -66.098408, 18.45088 ], [ -66.098398, 18.450868 ], [ -66.098391, 18.450858 ], [ -66.098385, 18.450849 ], [ -66.098381, 18.450841 ], [ -66.098376, 18.450831 ], [ -66.09837, 18.450822 ], [ -66.098363, 18.450815 ], [ -66.098354, 18.450809 ], [ -66.098347, 18.4508 ], [ -66.098339, 18.450792 ], [ -66.098328, 18.450785 ], [ -66.098319, 18.450777 ], [ -66.098311, 18.450772 ], [ -66.098304, 18.450765 ], [ -66.098296, 18.450758 ], [ -66.098289, 18.450752 ], [ -66.098281, 18.450745 ], [ -66.098273, 18.450737 ], [ -66.098267, 18.45073 ], [ -66.098266, 18.450729 ], [ -66.098265, 18.450726 ], [ -66.098266, 18.450724 ], [ -66.098271, 18.450716 ], [ -66.098277, 18.450708 ], [ -66.098285, 18.450701 ], [ -66.098292, 18.450693 ], [ -66.098298, 18.450685 ], [ -66.098305, 18.450677 ], [ -66.098311, 18.450669 ], [ -66.098316, 18.450661 ], [ -66.098319, 18.450652 ], [ -66.09832, 18.450651 ], [ -66.098319, 18.45065 ], [ -66.098318, 18.450647 ], [ -66.098317, 18.450646 ], [ -66.098309, 18.450639 ], [ -66.098302, 18.450632 ], [ -66.098293, 18.450624 ], [ -66.098286, 18.450618 ], [ -66.098276, 18.450609 ], [ -66.098266, 18.450601 ], [ -66.098257, 18.450593 ], [ -66.098246, 18.450584 ], [ -66.098237, 18.450577 ], [ -66.09823, 18.450571 ], [ -66.098221, 18.450566 ], [ -66.098215, 18.450564 ], [ -66.098213, 18.450564 ], [ -66.098206, 18.45057 ], [ -66.098202, 18.450574 ], [ -66.098201, 18.450575 ], [ -66.098196, 18.450583 ], [ -66.09819, 18.450591 ], [ -66.098181, 18.450598 ], [ -66.098173, 18.450603 ], [ -66.098163, 18.450605 ], [ -66.098157, 18.450605 ], [ -66.098155, 18.450605 ], [ -66.098152, 18.450604 ], [ -66.098143, 18.4506 ], [ -66.098133, 18.450596 ], [ -66.098128, 18.450593 ], [ -66.098128, 18.450593 ], [ -66.098124, 18.450591 ], [ -66.098115, 18.450587 ], [ -66.098105, 18.450583 ], [ -66.098093, 18.450578 ], [ -66.098083, 18.450573 ], [ -66.098073, 18.45057 ], [ -66.098062, 18.450566 ], [ -66.098052, 18.45056 ], [ -66.098042, 18.450555 ], [ -66.098032, 18.450549 ], [ -66.098022, 18.450543 ], [ -66.098014, 18.450539 ], [ -66.098005, 18.450534 ], [ -66.097997, 18.450528 ], [ -66.097988, 18.450523 ], [ -66.097978, 18.450517 ], [ -66.09797, 18.450513 ], [ -66.097961, 18.450508 ], [ -66.097952, 18.450504 ], [ -66.097943, 18.4505 ], [ -66.097935, 18.450495 ], [ -66.097925, 18.45049 ], [ -66.097916, 18.450485 ], [ -66.097906, 18.45048 ], [ -66.097897, 18.450475 ], [ -66.097888, 18.450469 ], [ -66.097878, 18.450461 ], [ -66.097869, 18.450454 ], [ -66.097859, 18.450447 ], [ -66.097851, 18.450442 ], [ -66.097842, 18.450436 ], [ -66.09783, 18.450427 ], [ -66.097822, 18.450421 ], [ -66.097812, 18.450414 ], [ -66.097803, 18.450408 ], [ -66.097794, 18.450403 ], [ -66.097783, 18.450396 ], [ -66.097775, 18.45039 ], [ -66.097767, 18.450383 ], [ -66.097759, 18.450377 ], [ -66.097749, 18.450372 ], [ -66.097741, 18.450367 ], [ -66.097731, 18.450362 ], [ -66.09772, 18.450355 ], [ -66.097711, 18.45035 ], [ -66.097701, 18.450344 ], [ -66.097693, 18.450338 ], [ -66.097685, 18.450333 ], [ -66.097677, 18.450325 ], [ -66.09767, 18.450318 ], [ -66.097663, 18.450309 ], [ -66.097656, 18.450303 ], [ -66.097648, 18.450295 ], [ -66.09764, 18.450287 ], [ -66.097634, 18.450279 ], [ -66.097627, 18.450273 ], [ -66.097619, 18.450265 ], [ -66.097608, 18.450256 ], [ -66.097601, 18.450249 ], [ -66.097593, 18.450242 ], [ -66.097586, 18.450236 ], [ -66.097578, 18.45023 ], [ -66.09757, 18.450224 ], [ -66.097559, 18.450218 ], [ -66.097549, 18.450211 ], [ -66.097541, 18.450204 ], [ -66.097533, 18.450197 ], [ -66.097525, 18.45019 ], [ -66.097516, 18.450183 ], [ -66.097507, 18.450175 ], [ -66.097498, 18.450169 ], [ -66.09749, 18.450164 ], [ -66.097481, 18.450157 ], [ -66.097472, 18.450149 ], [ -66.097464, 18.450142 ], [ -66.097455, 18.450135 ], [ -66.097445, 18.450128 ], [ -66.097436, 18.450121 ], [ -66.097429, 18.450115 ], [ -66.097419, 18.450108 ], [ -66.097407, 18.450099 ], [ -66.097396, 18.45009 ], [ -66.097388, 18.450084 ], [ -66.097379, 18.450076 ], [ -66.09737, 18.450069 ], [ -66.09736, 18.450061 ], [ -66.09735, 18.450054 ], [ -66.09734, 18.450046 ], [ -66.097333, 18.450039 ], [ -66.097325, 18.450031 ], [ -66.097315, 18.450024 ], [ -66.097308, 18.450018 ], [ -66.097299, 18.450011 ], [ -66.097291, 18.450004 ], [ -66.097283, 18.449996 ], [ -66.097274, 18.449988 ], [ -66.097264, 18.44998 ], [ -66.097256, 18.449974 ], [ -66.097246, 18.449964 ], [ -66.097239, 18.449957 ], [ -66.09723, 18.449949 ], [ -66.097224, 18.449942 ], [ -66.097217, 18.449935 ], [ -66.09721, 18.449927 ], [ -66.097201, 18.449918 ], [ -66.097195, 18.449911 ], [ -66.097186, 18.449902 ], [ -66.097178, 18.449896 ], [ -66.09717, 18.449888 ], [ -66.097163, 18.449882 ], [ -66.097156, 18.449873 ], [ -66.097149, 18.449867 ], [ -66.097148, 18.449866 ], [ -66.097141, 18.449859 ], [ -66.097134, 18.449853 ], [ -66.097126, 18.449845 ], [ -66.097117, 18.449837 ], [ -66.097109, 18.449829 ], [ -66.097102, 18.449821 ], [ -66.097094, 18.449813 ], [ -66.097086, 18.449804 ], [ -66.09708, 18.449796 ], [ -66.097074, 18.449788 ], [ -66.097067, 18.44978 ], [ -66.09706, 18.449771 ], [ -66.097054, 18.449764 ], [ -66.097048, 18.449756 ], [ -66.097041, 18.449747 ], [ -66.097033, 18.449737 ], [ -66.097027, 18.449731 ], [ -66.097021, 18.449723 ], [ -66.097013, 18.449715 ], [ -66.097005, 18.449705 ], [ -66.096997, 18.449693 ], [ -66.096991, 18.449685 ], [ -66.096986, 18.449675 ], [ -66.096981, 18.449667 ], [ -66.096979, 18.449657 ], [ -66.096979, 18.449657 ], [ -66.096978, 18.449654 ], [ -66.096979, 18.449653 ], [ -66.096984, 18.449644 ], [ -66.09699, 18.449636 ], [ -66.096996, 18.449629 ], [ -66.097, 18.449622 ], [ -66.097, 18.449621 ], [ -66.096998, 18.449618 ], [ -66.096997, 18.449617 ], [ -66.09699, 18.449612 ], [ -66.096981, 18.449607 ], [ -66.096972, 18.449602 ], [ -66.096964, 18.449596 ], [ -66.096957, 18.449591 ], [ -66.096948, 18.449584 ], [ -66.096939, 18.449576 ], [ -66.096929, 18.449569 ], [ -66.096921, 18.449562 ], [ -66.096913, 18.449555 ], [ -66.096903, 18.449548 ], [ -66.096894, 18.449542 ], [ -66.096892, 18.449542 ], [ -66.09689, 18.449541 ], [ -66.09689, 18.449542 ], [ -66.096889, 18.449542 ], [ -66.096881, 18.449548 ], [ -66.096874, 18.449556 ], [ -66.096871, 18.449559 ], [ -66.096868, 18.449563 ], [ -66.09686, 18.449571 ], [ -66.096856, 18.449576 ], [ -66.096854, 18.449578 ], [ -66.096846, 18.449586 ], [ -66.096839, 18.449593 ], [ -66.09683, 18.449598 ], [ -66.096823, 18.4496 ], [ -66.096822, 18.4496 ], [ -66.096813, 18.449595 ], [ -66.096803, 18.449591 ], [ -66.096793, 18.449587 ], [ -66.09678, 18.449585 ], [ -66.096769, 18.449582 ], [ -66.096758, 18.449579 ], [ -66.096749, 18.449574 ], [ -66.09674, 18.449566 ], [ -66.096732, 18.449558 ], [ -66.096719, 18.449551 ], [ -66.096708, 18.449546 ], [ -66.096697, 18.449541 ], [ -66.096688, 18.449535 ], [ -66.096678, 18.449528 ], [ -66.096671, 18.44952 ], [ -66.096663, 18.449513 ], [ -66.096655, 18.449505 ], [ -66.096648, 18.449498 ], [ -66.09664, 18.44949 ], [ -66.096636, 18.449488 ], [ -66.096631, 18.449484 ], [ -66.096624, 18.449478 ], [ -66.096616, 18.44947 ], [ -66.096613, 18.449467 ], [ -66.096609, 18.449463 ], [ -66.096602, 18.449456 ], [ -66.096593, 18.449448 ], [ -66.096585, 18.449441 ], [ -66.096577, 18.449434 ], [ -66.096568, 18.449426 ], [ -66.09656, 18.449419 ], [ -66.096549, 18.44941 ], [ -66.09654, 18.449404 ], [ -66.096532, 18.449397 ], [ -66.096524, 18.449389 ], [ -66.096516, 18.449382 ], [ -66.096509, 18.449376 ], [ -66.096501, 18.449369 ], [ -66.096493, 18.449363 ], [ -66.096484, 18.449357 ], [ -66.096476, 18.449352 ], [ -66.096468, 18.449347 ], [ -66.096458, 18.449341 ], [ -66.096451, 18.449337 ], [ -66.096449, 18.449336 ], [ -66.096439, 18.449329 ], [ -66.096428, 18.449322 ], [ -66.096417, 18.449314 ], [ -66.096408, 18.449307 ], [ -66.096399, 18.449302 ], [ -66.096389, 18.449296 ], [ -66.09638, 18.44929 ], [ -66.096372, 18.449284 ], [ -66.096361, 18.449276 ], [ -66.096353, 18.44927 ], [ -66.096343, 18.449263 ], [ -66.096333, 18.449255 ], [ -66.096325, 18.449249 ], [ -66.096317, 18.449241 ], [ -66.096311, 18.449233 ], [ -66.096306, 18.449223 ], [ -66.096302, 18.449214 ], [ -66.096295, 18.449204 ], [ -66.096284, 18.449191 ], [ -66.096276, 18.449183 ], [ -66.096267, 18.449174 ], [ -66.09626, 18.449166 ], [ -66.096253, 18.449158 ], [ -66.096247, 18.449152 ], [ -66.096239, 18.449144 ], [ -66.096228, 18.449137 ], [ -66.09622, 18.44913 ], [ -66.096212, 18.449122 ], [ -66.096204, 18.449113 ], [ -66.096199, 18.449108 ], [ -66.096196, 18.449105 ], [ -66.09619, 18.449098 ], [ -66.096183, 18.44909 ], [ -66.096176, 18.449082 ], [ -66.096167, 18.449072 ], [ -66.096161, 18.449064 ], [ -66.096154, 18.449057 ], [ -66.096145, 18.449049 ], [ -66.096138, 18.449042 ], [ -66.096132, 18.449032 ], [ -66.096131, 18.449031 ], [ -66.096123, 18.449023 ], [ -66.096116, 18.449014 ], [ -66.096109, 18.449007 ], [ -66.096101, 18.448997 ], [ -66.096092, 18.448988 ], [ -66.096085, 18.448982 ], [ -66.096078, 18.448976 ], [ -66.09607, 18.448969 ], [ -66.09606, 18.448961 ], [ -66.096053, 18.448956 ], [ -66.096045, 18.448949 ], [ -66.096038, 18.448942 ], [ -66.096029, 18.448934 ], [ -66.096022, 18.448928 ], [ -66.096014, 18.44892 ], [ -66.096007, 18.448913 ], [ -66.095998, 18.448903 ], [ -66.095991, 18.448893 ], [ -66.095984, 18.448885 ], [ -66.095977, 18.448876 ], [ -66.095971, 18.448869 ], [ -66.095964, 18.448862 ], [ -66.095957, 18.448855 ], [ -66.09595, 18.448848 ], [ -66.095944, 18.44884 ], [ -66.095935, 18.448829 ], [ -66.095929, 18.44882 ], [ -66.095923, 18.448812 ], [ -66.095915, 18.448802 ], [ -66.095909, 18.448794 ], [ -66.095902, 18.448783 ], [ -66.095896, 18.448775 ], [ -66.095888, 18.448766 ], [ -66.095882, 18.448756 ], [ -66.095874, 18.448749 ], [ -66.095865, 18.44874 ], [ -66.095858, 18.448733 ], [ -66.095852, 18.448726 ], [ -66.095845, 18.448719 ], [ -66.09584, 18.448712 ], [ -66.095833, 18.448704 ], [ -66.095825, 18.448695 ], [ -66.095818, 18.448687 ], [ -66.09581, 18.448678 ], [ -66.095799, 18.448669 ], [ -66.09579, 18.448665 ], [ -66.09579, 18.448663 ], [ -66.095789, 18.448662 ], [ -66.095788, 18.448661 ], [ -66.095782, 18.448653 ], [ -66.095781, 18.448652 ], [ -66.095774, 18.448645 ], [ -66.095767, 18.448638 ], [ -66.09576, 18.448629 ], [ -66.095759, 18.448625 ], [ -66.095754, 18.448615 ], [ -66.095748, 18.448607 ], [ -66.09574, 18.4486 ], [ -66.095738, 18.448598 ], [ -66.095734, 18.448587 ], [ -66.095729, 18.448578 ], [ -66.095728, 18.448576 ], [ -66.095728, 18.448574 ], [ -66.095729, 18.448564 ], [ -66.095732, 18.448555 ], [ -66.095734, 18.448551 ], [ -66.09574, 18.448542 ], [ -66.095743, 18.448532 ], [ -66.095745, 18.448523 ], [ -66.095744, 18.448522 ], [ -66.095742, 18.448511 ], [ -66.095738, 18.448506 ], [ -66.095729, 18.448498 ], [ -66.095724, 18.448495 ], [ -66.095714, 18.44849 ], [ -66.095705, 18.448485 ], [ -66.095697, 18.448478 ], [ -66.095689, 18.44847 ], [ -66.095682, 18.448462 ], [ -66.095673, 18.448455 ], [ -66.095666, 18.448449 ], [ -66.095656, 18.448441 ], [ -66.095653, 18.44844 ], [ -66.095642, 18.44844 ], [ -66.095633, 18.448442 ], [ -66.095628, 18.448445 ], [ -66.095621, 18.448451 ], [ -66.095612, 18.448458 ], [ -66.095603, 18.448466 ], [ -66.095596, 18.448475 ], [ -66.095589, 18.448484 ], [ -66.095581, 18.448494 ], [ -66.095574, 18.448502 ], [ -66.095566, 18.448511 ], [ -66.09556, 18.448519 ], [ -66.095553, 18.448526 ], [ -66.095551, 18.448527 ], [ -66.095545, 18.448532 ], [ -66.095538, 18.448539 ], [ -66.095528, 18.448543 ], [ -66.095518, 18.448545 ], [ -66.095516, 18.448545 ], [ -66.095506, 18.44854 ], [ -66.095497, 18.448536 ], [ -66.095487, 18.44853 ], [ -66.095476, 18.448525 ], [ -66.095467, 18.448518 ], [ -66.095459, 18.448511 ], [ -66.095449, 18.448503 ], [ -66.09544, 18.448496 ], [ -66.095432, 18.448489 ], [ -66.095419, 18.448478 ], [ -66.095411, 18.448471 ], [ -66.09541, 18.448471 ], [ -66.095402, 18.448463 ], [ -66.095389, 18.448454 ], [ -66.095378, 18.448446 ], [ -66.095368, 18.448439 ], [ -66.095358, 18.448432 ], [ -66.095348, 18.448426 ], [ -66.095341, 18.44842 ], [ -66.095334, 18.448412 ], [ -66.095328, 18.448404 ], [ -66.09532, 18.448392 ], [ -66.095314, 18.448384 ], [ -66.095307, 18.448375 ], [ -66.095299, 18.448366 ], [ -66.095293, 18.448358 ], [ -66.095288, 18.448349 ], [ -66.095283, 18.44834 ], [ -66.095279, 18.448331 ], [ -66.095275, 18.448322 ], [ -66.095273, 18.448319 ], [ -66.095265, 18.448308 ], [ -66.095259, 18.448301 ], [ -66.095253, 18.448293 ], [ -66.095248, 18.448283 ], [ -66.095246, 18.448273 ], [ -66.095242, 18.448262 ], [ -66.095239, 18.448256 ], [ -66.095237, 18.448255 ], [ -66.095231, 18.448248 ], [ -66.095225, 18.44824 ], [ -66.095224, 18.448238 ], [ -66.095218, 18.448229 ], [ -66.095211, 18.448219 ], [ -66.095205, 18.448209 ], [ -66.095202, 18.4482 ], [ -66.0952, 18.448196 ], [ -66.095198, 18.448191 ], [ -66.095196, 18.448187 ], [ -66.095193, 18.448183 ], [ -66.09519, 18.448178 ], [ -66.095187, 18.448174 ], [ -66.095183, 18.448168 ], [ -66.09518, 18.448163 ], [ -66.095177, 18.448157 ], [ -66.095173, 18.448152 ], [ -66.09517, 18.448147 ], [ -66.095168, 18.448143 ], [ -66.095165, 18.448139 ], [ -66.095162, 18.448135 ], [ -66.095159, 18.448131 ], [ -66.095153, 18.448123 ], [ -66.095149, 18.448112 ], [ -66.095149, 18.44811 ], [ -66.095149, 18.4481 ], [ -66.095148, 18.44809 ], [ -66.095147, 18.448085 ], [ -66.095146, 18.448082 ], [ -66.095138, 18.448074 ], [ -66.095129, 18.448066 ], [ -66.095121, 18.448056 ], [ -66.095118, 18.448046 ], [ -66.095117, 18.448036 ], [ -66.095112, 18.448026 ], [ -66.095105, 18.448016 ], [ -66.0951, 18.448006 ], [ -66.095096, 18.447997 ], [ -66.095087, 18.447986 ], [ -66.09508, 18.447974 ], [ -66.095077, 18.447965 ], [ -66.095074, 18.447956 ], [ -66.095069, 18.447948 ], [ -66.095066, 18.447939 ], [ -66.095063, 18.447928 ], [ -66.09506, 18.447918 ], [ -66.095059, 18.447918 ], [ -66.095053, 18.447906 ], [ -66.095049, 18.447896 ], [ -66.095045, 18.447887 ], [ -66.095041, 18.447877 ], [ -66.095037, 18.447868 ], [ -66.095032, 18.447855 ], [ -66.095029, 18.447846 ], [ -66.095023, 18.447833 ], [ -66.095017, 18.44782 ], [ -66.095011, 18.44781 ], [ -66.095006, 18.447801 ], [ -66.094999, 18.44779 ], [ -66.094994, 18.447779 ], [ -66.094988, 18.447766 ], [ -66.094983, 18.447756 ], [ -66.094972, 18.447742 ], [ -66.094965, 18.447732 ], [ -66.094957, 18.44772 ], [ -66.09495, 18.447711 ], [ -66.094941, 18.4477 ], [ -66.094934, 18.44769 ], [ -66.094929, 18.447681 ], [ -66.094922, 18.44767 ], [ -66.094914, 18.44766 ], [ -66.094908, 18.447652 ], [ -66.094901, 18.447644 ], [ -66.094894, 18.447636 ], [ -66.094886, 18.447627 ], [ -66.094877, 18.447616 ], [ -66.094869, 18.447606 ], [ -66.09486, 18.447595 ], [ -66.094852, 18.447585 ], [ -66.094843, 18.447576 ], [ -66.094837, 18.447567 ], [ -66.094831, 18.44756 ], [ -66.094824, 18.447554 ], [ -66.094814, 18.447545 ], [ -66.094806, 18.447539 ], [ -66.094798, 18.447533 ], [ -66.09479, 18.447527 ], [ -66.094779, 18.447519 ], [ -66.094767, 18.447514 ], [ -66.094759, 18.447509 ], [ -66.094748, 18.447504 ], [ -66.094736, 18.447496 ], [ -66.094726, 18.447488 ], [ -66.094717, 18.447481 ], [ -66.094709, 18.447475 ], [ -66.0947, 18.447468 ], [ -66.094692, 18.447462 ], [ -66.094683, 18.447456 ], [ -66.094675, 18.44745 ], [ -66.094665, 18.447443 ], [ -66.094658, 18.447437 ], [ -66.09465, 18.44743 ], [ -66.094643, 18.447423 ], [ -66.094637, 18.447416 ], [ -66.094628, 18.447409 ], [ -66.09462, 18.447402 ], [ -66.09461, 18.447394 ], [ -66.094605, 18.447389 ], [ -66.0946, 18.447385 ], [ -66.094596, 18.447382 ], [ -66.094592, 18.447379 ], [ -66.094587, 18.447376 ], [ -66.094582, 18.447372 ], [ -66.094577, 18.447368 ], [ -66.094573, 18.447365 ], [ -66.094569, 18.447362 ], [ -66.094565, 18.447359 ], [ -66.094561, 18.447356 ], [ -66.094557, 18.447353 ], [ -66.094553, 18.44735 ], [ -66.094549, 18.447346 ], [ -66.094545, 18.447343 ], [ -66.094541, 18.44734 ], [ -66.094537, 18.447337 ], [ -66.094533, 18.447333 ], [ -66.094529, 18.44733 ], [ -66.094524, 18.447327 ], [ -66.09452, 18.447323 ], [ -66.094515, 18.447319 ], [ -66.09451, 18.447315 ], [ -66.094506, 18.447312 ], [ -66.094502, 18.447309 ], [ -66.094498, 18.447306 ], [ -66.094493, 18.447303 ], [ -66.094489, 18.4473 ], [ -66.094483, 18.447297 ], [ -66.094477, 18.447293 ], [ -66.094472, 18.44729 ], [ -66.094467, 18.447286 ], [ -66.094462, 18.447284 ], [ -66.094457, 18.447281 ], [ -66.094447, 18.447275 ], [ -66.094433, 18.447268 ], [ -66.094421, 18.44726 ], [ -66.094409, 18.447252 ], [ -66.094401, 18.447247 ], [ -66.094388, 18.447239 ], [ -66.094378, 18.447233 ], [ -66.094369, 18.447228 ], [ -66.09436, 18.447224 ], [ -66.09435, 18.447219 ], [ -66.09434, 18.447216 ], [ -66.094331, 18.447214 ], [ -66.094324, 18.447214 ], [ -66.094312, 18.447216 ], [ -66.0943, 18.44722 ], [ -66.094287, 18.447223 ], [ -66.094275, 18.447223 ], [ -66.094266, 18.447225 ], [ -66.094264, 18.447225 ], [ -66.09426, 18.447227 ], [ -66.094256, 18.447228 ], [ -66.094245, 18.447234 ], [ -66.094234, 18.447239 ], [ -66.094225, 18.447244 ], [ -66.094213, 18.447248 ], [ -66.0942, 18.447249 ], [ -66.094199, 18.447248 ], [ -66.094189, 18.447241 ], [ -66.094181, 18.447235 ], [ -66.094173, 18.447228 ], [ -66.094168, 18.447225 ], [ -66.094155, 18.447221 ], [ -66.094145, 18.447218 ], [ -66.094132, 18.447212 ], [ -66.09412, 18.447208 ], [ -66.09411, 18.44721 ], [ -66.094094, 18.447214 ], [ -66.094081, 18.447219 ], [ -66.094069, 18.447223 ], [ -66.094056, 18.447226 ], [ -66.094043, 18.447228 ], [ -66.094033, 18.447229 ], [ -66.094023, 18.447231 ], [ -66.094013, 18.447231 ], [ -66.09399, 18.447233 ], [ -66.09398, 18.447233 ], [ -66.093967, 18.447232 ], [ -66.093955, 18.447232 ], [ -66.093945, 18.447231 ], [ -66.093931, 18.447231 ], [ -66.093919, 18.447231 ], [ -66.093908, 18.447231 ], [ -66.093898, 18.447232 ], [ -66.093887, 18.447232 ], [ -66.093876, 18.447232 ], [ -66.093861, 18.447233 ], [ -66.093845, 18.447235 ], [ -66.093828, 18.447236 ], [ -66.09381, 18.44724 ], [ -66.0938, 18.447244 ], [ -66.093785, 18.447251 ], [ -66.093774, 18.447256 ], [ -66.093762, 18.447263 ], [ -66.09375, 18.447268 ], [ -66.09374, 18.44727 ], [ -66.093731, 18.447269 ], [ -66.093716, 18.44727 ], [ -66.093704, 18.447269 ], [ -66.093694, 18.447266 ], [ -66.093692, 18.447265 ], [ -66.093683, 18.447258 ], [ -66.093675, 18.447254 ], [ -66.093666, 18.447251 ], [ -66.093655, 18.447249 ], [ -66.093643, 18.447249 ], [ -66.09363, 18.447248 ], [ -66.093619, 18.447249 ], [ -66.093609, 18.447253 ], [ -66.093595, 18.447258 ], [ -66.093581, 18.447261 ], [ -66.093568, 18.447263 ], [ -66.093554, 18.447265 ], [ -66.093542, 18.447268 ], [ -66.093532, 18.44727 ], [ -66.093518, 18.447274 ], [ -66.093506, 18.447278 ], [ -66.093494, 18.447283 ], [ -66.093488, 18.447284 ], [ -66.093482, 18.447285 ], [ -66.093477, 18.447286 ], [ -66.093471, 18.447286 ], [ -66.093466, 18.447286 ], [ -66.093458, 18.447286 ], [ -66.093452, 18.447286 ], [ -66.093446, 18.447287 ], [ -66.093441, 18.447287 ], [ -66.093435, 18.447287 ], [ -66.093429, 18.447287 ], [ -66.093423, 18.447287 ], [ -66.093418, 18.447286 ], [ -66.093413, 18.447286 ], [ -66.093406, 18.447285 ], [ -66.093398, 18.447284 ], [ -66.093393, 18.447283 ], [ -66.093387, 18.447283 ], [ -66.093382, 18.447281 ], [ -66.093377, 18.447279 ], [ -66.093372, 18.447278 ], [ -66.093367, 18.447277 ], [ -66.093361, 18.447276 ], [ -66.093355, 18.447276 ], [ -66.093348, 18.447277 ], [ -66.093343, 18.447277 ], [ -66.093338, 18.447278 ], [ -66.093333, 18.447278 ], [ -66.093328, 18.447279 ], [ -66.093322, 18.44728 ], [ -66.093316, 18.447281 ], [ -66.093309, 18.447282 ], [ -66.093304, 18.447284 ], [ -66.0933, 18.447285 ], [ -66.093287, 18.447288 ], [ -66.093277, 18.447289 ], [ -66.093268, 18.44729 ], [ -66.093257, 18.44729 ], [ -66.093246, 18.44729 ], [ -66.093234, 18.44729 ], [ -66.093231, 18.447291 ], [ -66.093219, 18.447295 ], [ -66.093213, 18.447295 ], [ -66.093199, 18.447296 ], [ -66.093183, 18.447296 ], [ -66.09317, 18.447296 ], [ -66.093161, 18.447296 ], [ -66.093142, 18.447294 ], [ -66.09312, 18.447292 ], [ -66.093108, 18.447291 ], [ -66.093095, 18.447291 ], [ -66.093085, 18.447291 ], [ -66.093072, 18.447291 ], [ -66.093055, 18.447291 ], [ -66.093039, 18.447292 ], [ -66.093025, 18.447294 ], [ -66.093013, 18.447296 ], [ -66.092993, 18.447299 ], [ -66.092982, 18.447301 ], [ -66.092969, 18.447302 ], [ -66.092953, 18.447302 ], [ -66.09293, 18.447301 ], [ -66.092918, 18.447301 ], [ -66.092906, 18.447302 ], [ -66.092896, 18.447303 ], [ -66.092883, 18.447305 ], [ -66.092868, 18.447309 ], [ -66.092854, 18.447315 ], [ -66.092843, 18.447319 ], [ -66.092828, 18.447323 ], [ -66.092814, 18.447324 ], [ -66.092803, 18.447324 ], [ -66.092792, 18.447323 ], [ -66.092782, 18.447323 ], [ -66.09276, 18.447326 ], [ -66.09275, 18.447328 ], [ -66.092737, 18.44733 ], [ -66.092723, 18.447333 ], [ -66.092711, 18.447335 ], [ -66.0927, 18.447337 ], [ -66.092689, 18.447339 ], [ -66.092679, 18.447342 ], [ -66.092667, 18.447344 ], [ -66.092655, 18.447345 ], [ -66.092641, 18.447346 ], [ -66.092631, 18.447347 ], [ -66.092619, 18.447348 ], [ -66.092605, 18.447351 ], [ -66.092595, 18.447353 ], [ -66.092584, 18.447353 ], [ -66.092574, 18.447354 ], [ -66.092554, 18.447354 ], [ -66.092541, 18.447354 ], [ -66.092531, 18.447355 ], [ -66.092517, 18.447358 ], [ -66.092504, 18.44736 ], [ -66.092493, 18.447362 ], [ -66.092482, 18.447363 ], [ -66.092472, 18.447364 ], [ -66.092461, 18.447367 ], [ -66.092447, 18.447371 ], [ -66.092437, 18.447375 ], [ -66.092426, 18.447381 ], [ -66.092412, 18.447384 ], [ -66.092401, 18.447386 ], [ -66.09239, 18.447386 ], [ -66.092378, 18.447386 ], [ -66.092369, 18.447388 ], [ -66.092357, 18.447393 ], [ -66.092344, 18.447396 ], [ -66.09233, 18.4474 ], [ -66.092317, 18.447403 ], [ -66.092304, 18.447408 ], [ -66.092295, 18.447412 ], [ -66.092285, 18.447416 ], [ -66.092273, 18.44742 ], [ -66.092263, 18.447424 ], [ -66.092253, 18.447427 ], [ -66.092248, 18.447429 ], [ -66.092244, 18.44743 ], [ -66.092237, 18.44743 ], [ -66.092231, 18.447431 ], [ -66.092226, 18.447432 ], [ -66.092221, 18.447432 ], [ -66.092216, 18.447433 ], [ -66.092211, 18.447433 ], [ -66.092205, 18.447433 ], [ -66.092199, 18.447433 ], [ -66.092193, 18.447434 ], [ -66.092187, 18.447435 ], [ -66.092182, 18.447436 ], [ -66.092177, 18.447438 ], [ -66.092172, 18.44744 ], [ -66.092168, 18.447442 ], [ -66.092161, 18.447444 ], [ -66.092155, 18.447447 ], [ -66.092149, 18.44745 ], [ -66.092143, 18.447453 ], [ -66.092138, 18.447455 ], [ -66.092133, 18.447458 ], [ -66.092128, 18.447461 ], [ -66.092123, 18.447463 ], [ -66.092117, 18.447466 ], [ -66.092112, 18.447468 ], [ -66.092106, 18.44747 ], [ -66.0921, 18.447472 ], [ -66.092095, 18.447474 ], [ -66.092089, 18.447477 ], [ -66.092083, 18.447479 ], [ -66.092077, 18.447481 ], [ -66.09207, 18.447483 ], [ -66.092064, 18.447485 ], [ -66.092058, 18.447488 ], [ -66.092051, 18.44749 ], [ -66.092044, 18.447493 ], [ -66.09204, 18.447495 ], [ -66.092035, 18.447497 ], [ -66.09203, 18.4475 ], [ -66.092025, 18.447504 ], [ -66.09202, 18.447507 ], [ -66.092015, 18.447511 ], [ -66.092009, 18.447513 ], [ -66.092004, 18.447516 ], [ -66.091998, 18.447518 ], [ -66.091993, 18.447521 ], [ -66.091987, 18.447523 ], [ -66.091982, 18.447526 ], [ -66.091976, 18.447528 ], [ -66.09197, 18.447531 ], [ -66.091965, 18.447533 ], [ -66.091959, 18.447535 ], [ -66.091953, 18.447537 ], [ -66.091947, 18.447539 ], [ -66.091941, 18.447542 ], [ -66.091935, 18.447544 ], [ -66.09193, 18.447546 ], [ -66.091923, 18.44755 ], [ -66.091916, 18.447552 ], [ -66.091912, 18.447556 ], [ -66.091908, 18.44756 ], [ -66.091904, 18.447564 ], [ -66.091899, 18.447569 ], [ -66.091894, 18.447574 ], [ -66.091891, 18.447579 ], [ -66.091889, 18.447584 ], [ -66.091886, 18.447589 ], [ -66.091882, 18.447594 ], [ -66.091879, 18.447599 ], [ -66.091875, 18.447603 ], [ -66.091843, 18.447609 ], [ -66.091829, 18.447614 ], [ -66.091816, 18.447619 ], [ -66.091798, 18.447623 ], [ -66.091781, 18.447626 ], [ -66.09176, 18.447627 ], [ -66.091745, 18.447633 ], [ -66.091725, 18.44764 ], [ -66.091708, 18.447642 ], [ -66.091693, 18.447643 ], [ -66.091674, 18.447643 ], [ -66.091663, 18.447643 ], [ -66.09164, 18.447658 ], [ -66.091634, 18.447674 ], [ -66.091627, 18.4477 ], [ -66.091616, 18.447716 ], [ -66.091607, 18.447725 ], [ -66.091591, 18.447733 ], [ -66.091574, 18.447739 ], [ -66.091554, 18.447744 ], [ -66.091546, 18.447746 ], [ -66.091526, 18.447748 ], [ -66.091507, 18.447747 ], [ -66.0915, 18.447747 ], [ -66.091477, 18.447749 ], [ -66.09146, 18.447749 ], [ -66.091453, 18.447745 ], [ -66.091427, 18.447749 ], [ -66.091415, 18.447749 ], [ -66.091389, 18.447745 ], [ -66.091368, 18.447743 ], [ -66.09135, 18.447743 ], [ -66.091332, 18.447741 ], [ -66.091321, 18.44774 ], [ -66.091313, 18.447729 ], [ -66.091316, 18.447721 ], [ -66.091207, 18.447721 ], [ -66.091099, 18.44772 ], [ -66.090984, 18.447722 ], [ -66.09087, 18.447725 ], [ -66.090827, 18.447725 ], [ -66.09074, 18.447726 ], [ -66.090732, 18.447727 ], [ -66.090725, 18.447727 ], [ -66.090717, 18.447728 ], [ -66.09071, 18.447728 ], [ -66.090702, 18.447728 ], [ -66.090694, 18.447729 ], [ -66.090687, 18.447729 ], [ -66.090677, 18.44773 ], [ -66.090674, 18.447729 ], [ -66.090676, 18.447724 ], [ -66.09068, 18.447718 ], [ -66.090684, 18.447712 ], [ -66.090688, 18.447706 ], [ -66.090692, 18.4477 ], [ -66.090696, 18.447694 ], [ -66.0907, 18.447689 ], [ -66.090704, 18.447683 ], [ -66.090708, 18.447677 ], [ -66.090712, 18.447671 ], [ -66.090715, 18.447665 ], [ -66.090716, 18.447665 ], [ -66.090719, 18.447659 ], [ -66.090723, 18.447653 ], [ -66.090727, 18.447647 ], [ -66.090731, 18.447641 ], [ -66.090735, 18.447635 ], [ -66.090739, 18.447629 ], [ -66.090743, 18.447623 ], [ -66.090747, 18.447617 ], [ -66.090751, 18.447612 ], [ -66.090755, 18.447606 ], [ -66.090759, 18.4476 ], [ -66.090763, 18.447594 ], [ -66.090767, 18.447588 ], [ -66.090771, 18.447582 ], [ -66.090775, 18.447576 ], [ -66.090779, 18.44757 ], [ -66.090783, 18.447564 ], [ -66.090787, 18.447558 ], [ -66.090791, 18.447552 ], [ -66.090795, 18.447546 ], [ -66.090799, 18.44754 ], [ -66.090802, 18.447533 ], [ -66.090806, 18.447527 ], [ -66.09081, 18.447521 ], [ -66.090814, 18.447515 ], [ -66.090818, 18.447509 ], [ -66.090822, 18.447503 ], [ -66.090826, 18.447497 ], [ -66.09083, 18.447491 ], [ -66.090834, 18.447485 ], [ -66.090838, 18.447478 ], [ -66.090842, 18.447472 ], [ -66.090845, 18.447466 ], [ -66.090849, 18.44746 ], [ -66.090853, 18.447454 ], [ -66.090857, 18.447448 ], [ -66.090861, 18.447442 ], [ -66.090865, 18.447436 ], [ -66.090869, 18.44743 ], [ -66.090873, 18.447424 ], [ -66.090876, 18.447418 ], [ -66.09088, 18.447412 ], [ -66.090884, 18.447406 ], [ -66.090888, 18.4474 ], [ -66.090892, 18.447394 ], [ -66.090896, 18.447388 ], [ -66.090899, 18.447382 ], [ -66.090903, 18.447376 ], [ -66.090907, 18.44737 ], [ -66.090911, 18.447365 ], [ -66.090915, 18.447359 ], [ -66.090919, 18.447353 ], [ -66.090922, 18.447347 ], [ -66.090926, 18.447341 ], [ -66.09093, 18.447335 ], [ -66.090934, 18.447329 ], [ -66.090938, 18.447323 ], [ -66.090941, 18.447317 ], [ -66.090945, 18.447311 ], [ -66.090949, 18.447305 ], [ -66.090953, 18.447299 ], [ -66.090957, 18.447293 ], [ -66.090961, 18.447287 ], [ -66.090965, 18.447281 ], [ -66.090968, 18.447275 ], [ -66.090972, 18.447269 ], [ -66.090976, 18.447263 ], [ -66.09098, 18.447257 ], [ -66.090984, 18.447251 ], [ -66.090988, 18.447245 ], [ -66.090992, 18.447239 ], [ -66.090996, 18.447233 ], [ -66.091, 18.447227 ], [ -66.091004, 18.447221 ], [ -66.091007, 18.447215 ], [ -66.091011, 18.447209 ], [ -66.091015, 18.447203 ], [ -66.091019, 18.447196 ], [ -66.091023, 18.447191 ], [ -66.091027, 18.447185 ], [ -66.091031, 18.447178 ], [ -66.091035, 18.447172 ], [ -66.091039, 18.447166 ], [ -66.091043, 18.44716 ], [ -66.091046, 18.447154 ], [ -66.09105, 18.447148 ], [ -66.091054, 18.447142 ], [ -66.091058, 18.447136 ], [ -66.091062, 18.44713 ], [ -66.091066, 18.447124 ], [ -66.09107, 18.447118 ], [ -66.091074, 18.447112 ], [ -66.091077, 18.447105 ], [ -66.091081, 18.447099 ], [ -66.091085, 18.447093 ], [ -66.091089, 18.447087 ], [ -66.091093, 18.447081 ], [ -66.091097, 18.447075 ], [ -66.091101, 18.447069 ], [ -66.091105, 18.447063 ], [ -66.091108, 18.447057 ], [ -66.091112, 18.447051 ], [ -66.091116, 18.447044 ], [ -66.09112, 18.447039 ], [ -66.091124, 18.447032 ], [ -66.091128, 18.447026 ], [ -66.091132, 18.44702 ], [ -66.091135, 18.447014 ], [ -66.091139, 18.447008 ], [ -66.091143, 18.447002 ], [ -66.091147, 18.446995 ], [ -66.09115, 18.446989 ], [ -66.091154, 18.446983 ], [ -66.091158, 18.446977 ], [ -66.091162, 18.446971 ], [ -66.091165, 18.446964 ], [ -66.091169, 18.446958 ], [ -66.091173, 18.446952 ], [ -66.091177, 18.446946 ], [ -66.09118, 18.44694 ], [ -66.091184, 18.446933 ], [ -66.091188, 18.446927 ], [ -66.091191, 18.446921 ], [ -66.091195, 18.446915 ], [ -66.091199, 18.446909 ], [ -66.091203, 18.446903 ], [ -66.091206, 18.446896 ], [ -66.09121, 18.44689 ], [ -66.091214, 18.446884 ], [ -66.091218, 18.446878 ], [ -66.091221, 18.446872 ], [ -66.091225, 18.446865 ], [ -66.091229, 18.446859 ], [ -66.091232, 18.446853 ], [ -66.091236, 18.446847 ], [ -66.09124, 18.446841 ], [ -66.091244, 18.446835 ], [ -66.091248, 18.446828 ], [ -66.091252, 18.446822 ], [ -66.091256, 18.446816 ], [ -66.09126, 18.44681 ], [ -66.091264, 18.446804 ], [ -66.091268, 18.446798 ], [ -66.091272, 18.446791 ], [ -66.091276, 18.446785 ], [ -66.091279, 18.446779 ], [ -66.091283, 18.446773 ], [ -66.091287, 18.446767 ], [ -66.091291, 18.446761 ], [ -66.091295, 18.446755 ], [ -66.091299, 18.446748 ], [ -66.091303, 18.446742 ], [ -66.091307, 18.446736 ], [ -66.091311, 18.44673 ], [ -66.091314, 18.446724 ], [ -66.091318, 18.446718 ], [ -66.091321, 18.446712 ], [ -66.091325, 18.446705 ], [ -66.091328, 18.446699 ], [ -66.091332, 18.446693 ], [ -66.091335, 18.446687 ], [ -66.091339, 18.446681 ], [ -66.091342, 18.446674 ], [ -66.091346, 18.446669 ], [ -66.091349, 18.446662 ], [ -66.091353, 18.446656 ], [ -66.091347, 18.446652 ], [ -66.091341, 18.446648 ], [ -66.091334, 18.446644 ], [ -66.091328, 18.446641 ], [ -66.091322, 18.446637 ], [ -66.091316, 18.446633 ], [ -66.091309, 18.446629 ], [ -66.091303, 18.446625 ], [ -66.091297, 18.446622 ], [ -66.091291, 18.446618 ], [ -66.091284, 18.446614 ], [ -66.091278, 18.446611 ], [ -66.091272, 18.446608 ], [ -66.091266, 18.446604 ], [ -66.091259, 18.446601 ], [ -66.091253, 18.446597 ], [ -66.091249, 18.446603 ], [ -66.091245, 18.446609 ], [ -66.091242, 18.446615 ], [ -66.091238, 18.446621 ], [ -66.091234, 18.446627 ], [ -66.09123, 18.446633 ], [ -66.091226, 18.446639 ], [ -66.091222, 18.446645 ], [ -66.091218, 18.446652 ], [ -66.091215, 18.446658 ], [ -66.091211, 18.446663 ], [ -66.091207, 18.44667 ], [ -66.091203, 18.446676 ], [ -66.091199, 18.446682 ], [ -66.091195, 18.446688 ], [ -66.091191, 18.446694 ], [ -66.091188, 18.4467 ], [ -66.091184, 18.446706 ], [ -66.09118, 18.446712 ], [ -66.091176, 18.446718 ], [ -66.091172, 18.446724 ], [ -66.091169, 18.44673 ], [ -66.091165, 18.446737 ], [ -66.091161, 18.446743 ], [ -66.091157, 18.446749 ], [ -66.091153, 18.446755 ], [ -66.09115, 18.446761 ], [ -66.091146, 18.446767 ], [ -66.091142, 18.446773 ], [ -66.091138, 18.44678 ], [ -66.091134, 18.446786 ], [ -66.091131, 18.446792 ], [ -66.091127, 18.446798 ], [ -66.091123, 18.446804 ], [ -66.091119, 18.44681 ], [ -66.091115, 18.446817 ], [ -66.091112, 18.446823 ], [ -66.091108, 18.446829 ], [ -66.091104, 18.446835 ], [ -66.0911, 18.446841 ], [ -66.091096, 18.446848 ], [ -66.091093, 18.446854 ], [ -66.091089, 18.44686 ], [ -66.091085, 18.446866 ], [ -66.091081, 18.446872 ], [ -66.091077, 18.446878 ], [ -66.091074, 18.446885 ], [ -66.09107, 18.446891 ], [ -66.091066, 18.446897 ], [ -66.091062, 18.446903 ], [ -66.091058, 18.446909 ], [ -66.091054, 18.446915 ], [ -66.091051, 18.446921 ], [ -66.091047, 18.446927 ], [ -66.091043, 18.446933 ], [ -66.091039, 18.446938 ], [ -66.091035, 18.446944 ], [ -66.091031, 18.446951 ], [ -66.091027, 18.446956 ], [ -66.091024, 18.446962 ], [ -66.09102, 18.446968 ], [ -66.091016, 18.446974 ], [ -66.091012, 18.44698 ], [ -66.091008, 18.446986 ], [ -66.091004, 18.446992 ], [ -66.091001, 18.446998 ], [ -66.090997, 18.447004 ], [ -66.090993, 18.44701 ], [ -66.090989, 18.447016 ], [ -66.090985, 18.447022 ], [ -66.090981, 18.447028 ], [ -66.090977, 18.447034 ], [ -66.090974, 18.44704 ], [ -66.09097, 18.447046 ], [ -66.090966, 18.447052 ], [ -66.090962, 18.447058 ], [ -66.090958, 18.447064 ], [ -66.090954, 18.44707 ], [ -66.090951, 18.447077 ], [ -66.090947, 18.447083 ], [ -66.090943, 18.447089 ], [ -66.090939, 18.447095 ], [ -66.090935, 18.447101 ], [ -66.090931, 18.447107 ], [ -66.090927, 18.447113 ], [ -66.090924, 18.447119 ], [ -66.09092, 18.447126 ], [ -66.090916, 18.447132 ], [ -66.090912, 18.447138 ], [ -66.090908, 18.447144 ], [ -66.090904, 18.44715 ], [ -66.090901, 18.447156 ], [ -66.090897, 18.447163 ], [ -66.090893, 18.447169 ], [ -66.090889, 18.447175 ], [ -66.090885, 18.447181 ], [ -66.090881, 18.447187 ], [ -66.090878, 18.447193 ], [ -66.090874, 18.447199 ], [ -66.09087, 18.447205 ], [ -66.090866, 18.447211 ], [ -66.090862, 18.447217 ], [ -66.090858, 18.447223 ], [ -66.090854, 18.447229 ], [ -66.09085, 18.447235 ], [ -66.090847, 18.447241 ], [ -66.090843, 18.447247 ], [ -66.090839, 18.447253 ], [ -66.090835, 18.447259 ], [ -66.090831, 18.447265 ], [ -66.090827, 18.447271 ], [ -66.090823, 18.447277 ], [ -66.090819, 18.447283 ], [ -66.090816, 18.447289 ], [ -66.090812, 18.447295 ], [ -66.090808, 18.447301 ], [ -66.090804, 18.447307 ], [ -66.0908, 18.447313 ], [ -66.090796, 18.447319 ], [ -66.090792, 18.447325 ], [ -66.090788, 18.44733 ], [ -66.090785, 18.447336 ], [ -66.090781, 18.447342 ], [ -66.090777, 18.447348 ], [ -66.090773, 18.447354 ], [ -66.090769, 18.44736 ], [ -66.090765, 18.447367 ], [ -66.090761, 18.447372 ], [ -66.090757, 18.447379 ], [ -66.090753, 18.447385 ], [ -66.090749, 18.447391 ], [ -66.090746, 18.447397 ], [ -66.090742, 18.447403 ], [ -66.090738, 18.447409 ], [ -66.090734, 18.447415 ], [ -66.09073, 18.447422 ], [ -66.090726, 18.447428 ], [ -66.090722, 18.447434 ], [ -66.090718, 18.44744 ], [ -66.090714, 18.447446 ], [ -66.09071, 18.447452 ], [ -66.090706, 18.447458 ], [ -66.090702, 18.447464 ], [ -66.090698, 18.447471 ], [ -66.090694, 18.447477 ], [ -66.09069, 18.447483 ], [ -66.090687, 18.447489 ], [ -66.090683, 18.447495 ], [ -66.090679, 18.447501 ], [ -66.090675, 18.447507 ], [ -66.090671, 18.447513 ], [ -66.090667, 18.447519 ], [ -66.090663, 18.447525 ], [ -66.090659, 18.447531 ], [ -66.090655, 18.447537 ], [ -66.090652, 18.447543 ], [ -66.090648, 18.447549 ], [ -66.090644, 18.447555 ], [ -66.09064, 18.447561 ], [ -66.090636, 18.447567 ], [ -66.090632, 18.447574 ], [ -66.090629, 18.447579 ], [ -66.090625, 18.447585 ], [ -66.090621, 18.447591 ], [ -66.090617, 18.447597 ], [ -66.090613, 18.447603 ], [ -66.09061, 18.447608 ], [ -66.090609, 18.447609 ], [ -66.090605, 18.447615 ], [ -66.090602, 18.447621 ], [ -66.090598, 18.447627 ], [ -66.090594, 18.447633 ], [ -66.09059, 18.447639 ], [ -66.090586, 18.447645 ], [ -66.090582, 18.447651 ], [ -66.090579, 18.447657 ], [ -66.090575, 18.447663 ], [ -66.090571, 18.447669 ], [ -66.090567, 18.447675 ], [ -66.090563, 18.447681 ], [ -66.090559, 18.447687 ], [ -66.090556, 18.447693 ], [ -66.090552, 18.447699 ], [ -66.090548, 18.447705 ], [ -66.090544, 18.447711 ], [ -66.09054, 18.447717 ], [ -66.090536, 18.447723 ], [ -66.090532, 18.447729 ], [ -66.090528, 18.447735 ], [ -66.090525, 18.447741 ], [ -66.090521, 18.447747 ], [ -66.090517, 18.447753 ], [ -66.090513, 18.447759 ], [ -66.090509, 18.447765 ], [ -66.090505, 18.447771 ], [ -66.090501, 18.447777 ], [ -66.090497, 18.447783 ], [ -66.090494, 18.447789 ], [ -66.09049, 18.447795 ], [ -66.090486, 18.447801 ], [ -66.090482, 18.447807 ], [ -66.090478, 18.447813 ], [ -66.090474, 18.447819 ], [ -66.09047, 18.447825 ], [ -66.090467, 18.447831 ], [ -66.090463, 18.447837 ], [ -66.090459, 18.447843 ], [ -66.090455, 18.447849 ], [ -66.090451, 18.447855 ], [ -66.090447, 18.447861 ], [ -66.090443, 18.447867 ], [ -66.090439, 18.447873 ], [ -66.090436, 18.447879 ], [ -66.090432, 18.447885 ], [ -66.090428, 18.447891 ], [ -66.090424, 18.447897 ], [ -66.09042, 18.447903 ], [ -66.090416, 18.447909 ], [ -66.090412, 18.447915 ], [ -66.090409, 18.447922 ], [ -66.090405, 18.447927 ], [ -66.090401, 18.447934 ], [ -66.090397, 18.44794 ], [ -66.090393, 18.447946 ], [ -66.090389, 18.447952 ], [ -66.090385, 18.447958 ], [ -66.090382, 18.447964 ], [ -66.090378, 18.44797 ], [ -66.090374, 18.447976 ], [ -66.09037, 18.447982 ], [ -66.090366, 18.447988 ], [ -66.090362, 18.447994 ], [ -66.090359, 18.448 ], [ -66.090355, 18.448006 ], [ -66.090351, 18.448012 ], [ -66.090347, 18.448019 ], [ -66.090343, 18.448024 ], [ -66.090339, 18.448031 ], [ -66.090335, 18.448037 ], [ -66.090331, 18.448043 ], [ -66.090328, 18.448049 ], [ -66.090324, 18.448055 ], [ -66.09032, 18.448061 ], [ -66.090316, 18.448067 ], [ -66.090312, 18.448073 ], [ -66.090308, 18.448079 ], [ -66.090304, 18.448085 ], [ -66.0903, 18.448091 ], [ -66.090297, 18.448097 ], [ -66.090293, 18.448104 ], [ -66.090289, 18.44811 ], [ -66.090285, 18.448116 ], [ -66.090281, 18.448122 ], [ -66.090277, 18.448128 ], [ -66.090273, 18.448134 ], [ -66.09027, 18.44814 ], [ -66.090266, 18.448146 ], [ -66.090262, 18.448152 ], [ -66.090258, 18.448158 ], [ -66.090254, 18.448164 ], [ -66.09025, 18.44817 ], [ -66.090246, 18.448176 ], [ -66.090243, 18.448182 ], [ -66.090239, 18.448189 ], [ -66.090235, 18.448194 ], [ -66.090231, 18.448201 ], [ -66.090227, 18.448207 ], [ -66.090224, 18.448213 ], [ -66.09022, 18.448219 ], [ -66.090216, 18.448225 ], [ -66.090212, 18.448231 ], [ -66.090208, 18.448237 ], [ -66.090204, 18.448243 ], [ -66.090201, 18.448249 ], [ -66.090197, 18.448255 ], [ -66.090193, 18.448261 ], [ -66.090189, 18.448267 ], [ -66.090185, 18.448273 ], [ -66.090182, 18.448279 ], [ -66.090178, 18.448285 ], [ -66.090174, 18.448291 ], [ -66.09017, 18.448297 ], [ -66.090166, 18.448303 ], [ -66.090162, 18.448309 ], [ -66.090159, 18.448315 ], [ -66.090155, 18.448321 ], [ -66.090151, 18.448327 ], [ -66.090147, 18.448334 ], [ -66.090143, 18.448339 ], [ -66.090139, 18.448345 ], [ -66.090136, 18.448351 ], [ -66.090132, 18.448358 ], [ -66.090128, 18.448363 ], [ -66.090124, 18.448369 ], [ -66.09012, 18.448376 ], [ -66.090116, 18.448381 ], [ -66.090112, 18.448387 ], [ -66.090109, 18.448394 ], [ -66.090105, 18.4484 ], [ -66.090101, 18.448405 ], [ -66.090097, 18.448412 ], [ -66.090093, 18.448418 ], [ -66.090089, 18.448423 ], [ -66.090085, 18.448429 ], [ -66.090082, 18.448436 ], [ -66.090078, 18.448442 ], [ -66.090074, 18.448447 ], [ -66.09007, 18.448454 ], [ -66.090066, 18.44846 ], [ -66.090062, 18.448466 ], [ -66.090058, 18.448472 ], [ -66.090055, 18.448478 ], [ -66.090051, 18.448484 ], [ -66.090047, 18.448489 ], [ -66.090043, 18.448496 ], [ -66.090039, 18.448502 ], [ -66.090035, 18.448508 ], [ -66.090032, 18.448513 ], [ -66.090028, 18.448519 ], [ -66.090024, 18.448525 ], [ -66.09002, 18.448531 ], [ -66.090016, 18.448537 ], [ -66.090013, 18.448543 ], [ -66.090009, 18.448549 ], [ -66.090005, 18.448555 ], [ -66.090001, 18.448561 ], [ -66.089998, 18.448567 ], [ -66.089994, 18.448573 ], [ -66.08999, 18.448579 ], [ -66.089986, 18.448585 ], [ -66.089982, 18.44859 ], [ -66.089979, 18.448596 ], [ -66.089975, 18.448603 ], [ -66.089971, 18.448608 ], [ -66.089967, 18.448614 ], [ -66.089963, 18.44862 ], [ -66.08996, 18.448626 ], [ -66.089956, 18.448632 ], [ -66.089952, 18.448638 ], [ -66.089948, 18.448644 ], [ -66.089945, 18.44865 ], [ -66.089941, 18.448656 ], [ -66.089937, 18.448662 ], [ -66.089933, 18.448668 ], [ -66.08993, 18.448674 ], [ -66.089926, 18.44868 ], [ -66.089922, 18.448686 ], [ -66.089918, 18.448692 ], [ -66.089915, 18.448698 ], [ -66.089911, 18.448704 ], [ -66.089907, 18.44871 ], [ -66.089903, 18.448716 ], [ -66.089899, 18.448722 ], [ -66.089896, 18.448728 ], [ -66.089892, 18.448734 ], [ -66.089888, 18.44874 ], [ -66.089884, 18.448746 ], [ -66.089844, 18.448816 ], [ -66.089837, 18.448817 ], [ -66.089831, 18.448819 ], [ -66.089824, 18.44882 ], [ -66.089817, 18.448821 ], [ -66.08981, 18.448822 ], [ -66.089803, 18.448824 ], [ -66.089797, 18.448825 ], [ -66.08979, 18.448826 ], [ -66.089783, 18.448828 ], [ -66.089776, 18.448829 ], [ -66.089768, 18.448831 ], [ -66.089761, 18.448832 ], [ -66.089754, 18.448833 ], [ -66.089747, 18.448835 ], [ -66.08974, 18.448831 ], [ -66.089734, 18.448827 ], [ -66.089728, 18.448823 ], [ -66.089722, 18.448819 ], [ -66.089715, 18.448815 ], [ -66.089709, 18.448811 ], [ -66.089703, 18.448808 ], [ -66.089697, 18.448804 ], [ -66.089691, 18.4488 ], [ -66.089685, 18.448796 ], [ -66.089678, 18.448792 ], [ -66.089672, 18.448788 ], [ -66.089666, 18.448785 ], [ -66.08966, 18.448781 ], [ -66.089654, 18.448777 ], [ -66.089647, 18.448773 ], [ -66.089641, 18.448769 ], [ -66.089635, 18.448765 ], [ -66.089628, 18.448761 ], [ -66.089622, 18.448757 ], [ -66.089616, 18.448754 ], [ -66.08961, 18.44875 ], [ -66.089603, 18.448746 ], [ -66.089597, 18.448742 ], [ -66.089591, 18.448738 ], [ -66.089584, 18.448734 ], [ -66.089578, 18.44873 ], [ -66.089572, 18.448726 ], [ -66.089565, 18.448722 ], [ -66.089559, 18.448718 ], [ -66.089553, 18.448714 ], [ -66.089546, 18.44871 ], [ -66.08954, 18.448707 ], [ -66.089534, 18.448703 ], [ -66.089527, 18.448699 ], [ -66.089521, 18.448695 ], [ -66.089515, 18.448691 ], [ -66.089508, 18.448687 ], [ -66.089502, 18.448683 ], [ -66.089496, 18.44868 ], [ -66.08949, 18.448676 ], [ -66.089484, 18.448673 ], [ -66.089479, 18.448669 ], [ -66.089472, 18.448665 ], [ -66.089467, 18.448662 ], [ -66.08946, 18.448658 ], [ -66.089455, 18.448655 ], [ -66.089449, 18.448651 ], [ -66.089443, 18.448648 ], [ -66.089437, 18.448644 ], [ -66.089431, 18.448641 ], [ -66.089424, 18.448637 ], [ -66.089418, 18.448633 ], [ -66.089412, 18.44863 ], [ -66.089406, 18.448626 ], [ -66.089399, 18.448622 ], [ -66.089393, 18.448618 ], [ -66.089387, 18.448614 ], [ -66.089381, 18.448611 ], [ -66.089374, 18.448607 ], [ -66.089368, 18.448603 ], [ -66.089362, 18.4486 ], [ -66.089356, 18.448596 ], [ -66.089349, 18.448592 ], [ -66.089343, 18.448588 ], [ -66.089337, 18.448585 ], [ -66.08933, 18.448581 ], [ -66.089324, 18.448577 ], [ -66.089318, 18.448574 ], [ -66.089312, 18.44857 ], [ -66.089306, 18.448566 ], [ -66.089299, 18.448562 ], [ -66.089293, 18.448559 ], [ -66.089287, 18.448555 ], [ -66.08928, 18.448551 ], [ -66.089274, 18.448548 ], [ -66.089268, 18.448544 ], [ -66.089262, 18.44854 ], [ -66.089256, 18.448536 ], [ -66.089249, 18.448533 ], [ -66.089243, 18.448529 ], [ -66.089237, 18.448525 ], [ -66.089231, 18.448521 ], [ -66.089225, 18.448517 ], [ -66.089218, 18.448514 ], [ -66.089212, 18.44851 ], [ -66.089206, 18.448506 ], [ -66.0892, 18.448502 ], [ -66.089194, 18.448499 ], [ -66.089187, 18.448495 ], [ -66.089181, 18.448491 ], [ -66.089175, 18.448487 ], [ -66.089169, 18.448484 ], [ -66.089163, 18.44848 ], [ -66.089156, 18.448476 ], [ -66.08915, 18.448472 ], [ -66.089144, 18.448469 ], [ -66.089138, 18.448465 ], [ -66.089133, 18.448462 ], [ -66.089127, 18.448458 ], [ -66.089121, 18.448455 ], [ -66.089115, 18.448452 ], [ -66.089109, 18.448449 ], [ -66.089104, 18.448445 ], [ -66.089098, 18.448442 ], [ -66.089102, 18.448436 ], [ -66.089106, 18.44843 ], [ -66.08911, 18.448424 ], [ -66.089115, 18.448418 ], [ -66.089119, 18.448412 ], [ -66.089123, 18.448406 ], [ -66.089127, 18.4484 ], [ -66.089131, 18.448394 ], [ -66.089135, 18.448388 ], [ -66.08914, 18.448383 ], [ -66.089144, 18.448377 ], [ -66.089148, 18.448371 ], [ -66.089152, 18.448365 ], [ -66.089156, 18.448359 ], [ -66.089161, 18.448353 ], [ -66.089165, 18.448347 ], [ -66.089169, 18.448341 ], [ -66.089173, 18.448335 ], [ -66.089177, 18.448329 ], [ -66.089181, 18.448323 ], [ -66.089186, 18.448317 ], [ -66.08919, 18.448311 ], [ -66.089194, 18.448305 ], [ -66.089198, 18.448299 ], [ -66.089202, 18.448293 ], [ -66.089207, 18.448288 ], [ -66.089211, 18.448282 ], [ -66.089215, 18.448276 ], [ -66.089219, 18.44827 ], [ -66.089223, 18.448264 ], [ -66.089227, 18.448258 ], [ -66.089231, 18.448252 ], [ -66.089236, 18.448246 ], [ -66.08924, 18.44824 ], [ -66.089244, 18.448234 ], [ -66.089248, 18.448228 ], [ -66.089252, 18.448222 ], [ -66.089256, 18.448216 ], [ -66.08926, 18.44821 ], [ -66.089264, 18.448204 ], [ -66.089269, 18.448198 ], [ -66.089273, 18.448192 ], [ -66.089277, 18.448186 ], [ -66.089281, 18.44818 ], [ -66.089285, 18.448174 ], [ -66.089289, 18.448168 ], [ -66.089293, 18.448162 ], [ -66.089297, 18.448156 ], [ -66.089301, 18.44815 ], [ -66.089305, 18.448144 ], [ -66.089309, 18.448138 ], [ -66.089314, 18.448132 ], [ -66.089318, 18.448126 ], [ -66.089322, 18.44812 ], [ -66.089326, 18.448114 ], [ -66.08933, 18.448108 ], [ -66.089334, 18.448102 ], [ -66.089338, 18.448096 ], [ -66.089342, 18.44809 ], [ -66.089346, 18.448084 ], [ -66.08935, 18.448078 ], [ -66.089354, 18.448072 ], [ -66.089358, 18.448066 ], [ -66.089362, 18.448061 ], [ -66.089366, 18.448055 ], [ -66.08937, 18.448049 ], [ -66.089374, 18.448043 ], [ -66.089378, 18.448037 ], [ -66.089383, 18.448031 ], [ -66.089387, 18.448025 ], [ -66.089391, 18.448019 ], [ -66.089395, 18.448013 ], [ -66.089399, 18.448008 ], [ -66.089403, 18.448002 ], [ -66.089407, 18.447996 ], [ -66.089411, 18.44799 ], [ -66.089415, 18.447984 ], [ -66.089419, 18.447978 ], [ -66.089423, 18.447972 ], [ -66.089427, 18.447966 ], [ -66.089431, 18.44796 ], [ -66.089435, 18.447954 ], [ -66.089439, 18.447948 ], [ -66.089443, 18.447942 ], [ -66.089447, 18.447936 ], [ -66.089451, 18.447931 ], [ -66.089455, 18.447925 ], [ -66.089459, 18.447919 ], [ -66.089463, 18.447913 ], [ -66.089467, 18.447907 ], [ -66.089471, 18.447901 ], [ -66.089475, 18.447895 ], [ -66.089479, 18.447889 ], [ -66.089483, 18.447883 ], [ -66.089487, 18.447878 ], [ -66.089491, 18.447872 ], [ -66.089495, 18.447866 ], [ -66.089499, 18.44786 ], [ -66.089503, 18.447854 ], [ -66.089507, 18.447848 ], [ -66.089511, 18.447842 ], [ -66.089515, 18.447836 ], [ -66.089519, 18.44783 ], [ -66.089522, 18.447825 ], [ -66.089523, 18.447824 ], [ -66.089527, 18.447818 ], [ -66.089531, 18.447812 ], [ -66.089535, 18.447806 ], [ -66.089539, 18.4478 ], [ -66.089543, 18.447794 ], [ -66.089547, 18.447788 ], [ -66.089551, 18.447782 ], [ -66.089554, 18.447776 ], [ -66.089558, 18.44777 ], [ -66.089562, 18.447764 ], [ -66.089566, 18.447759 ], [ -66.08957, 18.447753 ], [ -66.089574, 18.447747 ], [ -66.089578, 18.447741 ], [ -66.089582, 18.447735 ], [ -66.089586, 18.447729 ], [ -66.08959, 18.447723 ], [ -66.089594, 18.447717 ], [ -66.089598, 18.447711 ], [ -66.089602, 18.447705 ], [ -66.089606, 18.447699 ], [ -66.08961, 18.447693 ], [ -66.089614, 18.447687 ], [ -66.089618, 18.447681 ], [ -66.089622, 18.447675 ], [ -66.089626, 18.447669 ], [ -66.08963, 18.447663 ], [ -66.089634, 18.447657 ], [ -66.089638, 18.447651 ], [ -66.089642, 18.447645 ], [ -66.089646, 18.447639 ], [ -66.08965, 18.447632 ], [ -66.089654, 18.447627 ], [ -66.089658, 18.44762 ], [ -66.089662, 18.447614 ], [ -66.089666, 18.447608 ], [ -66.08967, 18.447602 ], [ -66.089674, 18.447596 ], [ -66.089678, 18.44759 ], [ -66.089682, 18.447584 ], [ -66.089686, 18.447578 ], [ -66.08969, 18.447573 ], [ -66.08969, 18.447572 ], [ -66.089694, 18.447566 ], [ -66.089698, 18.44756 ], [ -66.089702, 18.447554 ], [ -66.089706, 18.447548 ], [ -66.08971, 18.447541 ], [ -66.089714, 18.447535 ], [ -66.089718, 18.447529 ], [ -66.089722, 18.447523 ], [ -66.089726, 18.447517 ], [ -66.08973, 18.447511 ], [ -66.089734, 18.447505 ], [ -66.089738, 18.447499 ], [ -66.089742, 18.447493 ], [ -66.089746, 18.447487 ], [ -66.08975, 18.447481 ], [ -66.089754, 18.447475 ], [ -66.089759, 18.447469 ], [ -66.089763, 18.447463 ], [ -66.089767, 18.447457 ], [ -66.089771, 18.447451 ], [ -66.089775, 18.447445 ], [ -66.089779, 18.447439 ], [ -66.089783, 18.447433 ], [ -66.089787, 18.447427 ], [ -66.089791, 18.447421 ], [ -66.089795, 18.447415 ], [ -66.089799, 18.447409 ], [ -66.089803, 18.447403 ], [ -66.089807, 18.447397 ], [ -66.089811, 18.447391 ], [ -66.089815, 18.447385 ], [ -66.089819, 18.447379 ], [ -66.089823, 18.447373 ], [ -66.089827, 18.447367 ], [ -66.089831, 18.447361 ], [ -66.089835, 18.447355 ], [ -66.089839, 18.447349 ], [ -66.089843, 18.447343 ], [ -66.089847, 18.447337 ], [ -66.089851, 18.447331 ], [ -66.089855, 18.447325 ], [ -66.089859, 18.447319 ], [ -66.089863, 18.447313 ], [ -66.089867, 18.447307 ], [ -66.089872, 18.447301 ], [ -66.089876, 18.447295 ], [ -66.08988, 18.447289 ], [ -66.089884, 18.447283 ], [ -66.089888, 18.447277 ], [ -66.089892, 18.447271 ], [ -66.089896, 18.447265 ], [ -66.089901, 18.447259 ], [ -66.089905, 18.447253 ], [ -66.089909, 18.447248 ], [ -66.089913, 18.447242 ], [ -66.089917, 18.447236 ], [ -66.089921, 18.44723 ], [ -66.089926, 18.447224 ], [ -66.08993, 18.447218 ], [ -66.089934, 18.447212 ], [ -66.089938, 18.447206 ], [ -66.089942, 18.4472 ], [ -66.089946, 18.447194 ], [ -66.08995, 18.447188 ], [ -66.089955, 18.447182 ], [ -66.089959, 18.447176 ], [ -66.089963, 18.447171 ], [ -66.089967, 18.447165 ], [ -66.089971, 18.447159 ], [ -66.089975, 18.447153 ], [ -66.08998, 18.447147 ], [ -66.089984, 18.447141 ], [ -66.089988, 18.447135 ], [ -66.089992, 18.447129 ], [ -66.089996, 18.447123 ], [ -66.09, 18.447118 ], [ -66.090004, 18.447112 ], [ -66.090009, 18.447106 ], [ -66.090013, 18.4471 ], [ -66.090017, 18.447094 ], [ -66.090021, 18.447088 ], [ -66.090025, 18.447082 ], [ -66.090029, 18.447076 ], [ -66.090034, 18.44707 ], [ -66.090037, 18.447065 ], [ -66.090041, 18.447059 ], [ -66.090045, 18.447054 ], [ -66.090048, 18.447048 ], [ -66.090052, 18.447043 ], [ -66.090055, 18.447037 ], [ -66.090059, 18.447031 ], [ -66.090053, 18.447027 ], [ -66.090047, 18.447023 ], [ -66.090041, 18.447019 ], [ -66.090035, 18.447015 ], [ -66.090028, 18.447011 ], [ -66.090022, 18.447007 ], [ -66.090016, 18.447004 ], [ -66.09001, 18.447 ], [ -66.090004, 18.446996 ], [ -66.089997, 18.446992 ], [ -66.089991, 18.446988 ], [ -66.089985, 18.446984 ], [ -66.089979, 18.44698 ], [ -66.089973, 18.446976 ], [ -66.089967, 18.446972 ], [ -66.089961, 18.446968 ], [ -66.089954, 18.446964 ], [ -66.089948, 18.44696 ], [ -66.089942, 18.446957 ], [ -66.089936, 18.446953 ], [ -66.08993, 18.446949 ], [ -66.089924, 18.446945 ], [ -66.089918, 18.446942 ], [ -66.089912, 18.446938 ], [ -66.089908, 18.446944 ], [ -66.089904, 18.44695 ], [ -66.089899, 18.446956 ], [ -66.089895, 18.446962 ], [ -66.089891, 18.446967 ], [ -66.089887, 18.446973 ], [ -66.089883, 18.44698 ], [ -66.089879, 18.446985 ], [ -66.089875, 18.446991 ], [ -66.089871, 18.446997 ], [ -66.089867, 18.447003 ], [ -66.089862, 18.447009 ], [ -66.089858, 18.447015 ], [ -66.089854, 18.447021 ], [ -66.08985, 18.447027 ], [ -66.089846, 18.447033 ], [ -66.089842, 18.447039 ], [ -66.089838, 18.447045 ], [ -66.089833, 18.447051 ], [ -66.089829, 18.447057 ], [ -66.089825, 18.447063 ], [ -66.089821, 18.447069 ], [ -66.089817, 18.447075 ], [ -66.089813, 18.447081 ], [ -66.089809, 18.447087 ], [ -66.089805, 18.447093 ], [ -66.089801, 18.447099 ], [ -66.089797, 18.447105 ], [ -66.089793, 18.447111 ], [ -66.089789, 18.447117 ], [ -66.089785, 18.447123 ], [ -66.089781, 18.447129 ], [ -66.089776, 18.447135 ], [ -66.089772, 18.447141 ], [ -66.089768, 18.447147 ], [ -66.089764, 18.447153 ], [ -66.08976, 18.447159 ], [ -66.089756, 18.447165 ], [ -66.089752, 18.447171 ], [ -66.089748, 18.447177 ], [ -66.089744, 18.447183 ], [ -66.08974, 18.447189 ], [ -66.089736, 18.447195 ], [ -66.089732, 18.447201 ], [ -66.089728, 18.447207 ], [ -66.089724, 18.447212 ], [ -66.08972, 18.447218 ], [ -66.089716, 18.447225 ], [ -66.089712, 18.447231 ], [ -66.089708, 18.447236 ], [ -66.089704, 18.447242 ], [ -66.0897, 18.447249 ], [ -66.089696, 18.447255 ], [ -66.089692, 18.44726 ], [ -66.089688, 18.447266 ], [ -66.089683, 18.447272 ], [ -66.089679, 18.447278 ], [ -66.089675, 18.447284 ], [ -66.089671, 18.44729 ], [ -66.089667, 18.447296 ], [ -66.089663, 18.447302 ], [ -66.089659, 18.447308 ], [ -66.089655, 18.447314 ], [ -66.089651, 18.44732 ], [ -66.089647, 18.447326 ], [ -66.089643, 18.447332 ], [ -66.089639, 18.447338 ], [ -66.089635, 18.447344 ], [ -66.089631, 18.44735 ], [ -66.089627, 18.447357 ], [ -66.089623, 18.447363 ], [ -66.089619, 18.447368 ], [ -66.089615, 18.447375 ], [ -66.089611, 18.447381 ], [ -66.089607, 18.447386 ], [ -66.089602, 18.447393 ], [ -66.089598, 18.447399 ], [ -66.089594, 18.447405 ], [ -66.08959, 18.447411 ], [ -66.089586, 18.447417 ], [ -66.089582, 18.447423 ], [ -66.089578, 18.447429 ], [ -66.089574, 18.447435 ], [ -66.08957, 18.447441 ], [ -66.089566, 18.447447 ], [ -66.089562, 18.447453 ], [ -66.089558, 18.447459 ], [ -66.089554, 18.447465 ], [ -66.08955, 18.447471 ], [ -66.089546, 18.447477 ], [ -66.089542, 18.447483 ], [ -66.089538, 18.447489 ], [ -66.089534, 18.447495 ], [ -66.089529, 18.447501 ], [ -66.089525, 18.447507 ], [ -66.089521, 18.447513 ], [ -66.089517, 18.447518 ], [ -66.089513, 18.447524 ], [ -66.089509, 18.44753 ], [ -66.089505, 18.447536 ], [ -66.089501, 18.447542 ], [ -66.089497, 18.447548 ], [ -66.089493, 18.447554 ], [ -66.089489, 18.44756 ], [ -66.089485, 18.447566 ], [ -66.089481, 18.447572 ], [ -66.089477, 18.447578 ], [ -66.089473, 18.447584 ], [ -66.089469, 18.44759 ], [ -66.089464, 18.447595 ], [ -66.08946, 18.447601 ], [ -66.089456, 18.447607 ], [ -66.089452, 18.447613 ], [ -66.089448, 18.447619 ], [ -66.089444, 18.447625 ], [ -66.08944, 18.447631 ], [ -66.089436, 18.447637 ], [ -66.089432, 18.447643 ], [ -66.089428, 18.447649 ], [ -66.089424, 18.447655 ], [ -66.08942, 18.447661 ], [ -66.089416, 18.447666 ], [ -66.089412, 18.447672 ], [ -66.089408, 18.447678 ], [ -66.089403, 18.447684 ], [ -66.089399, 18.44769 ], [ -66.089395, 18.447696 ], [ -66.089391, 18.447702 ], [ -66.089387, 18.447707 ], [ -66.089383, 18.447713 ], [ -66.089379, 18.447719 ], [ -66.089376, 18.447724 ], [ -66.089375, 18.447725 ], [ -66.089371, 18.447731 ], [ -66.089367, 18.447737 ], [ -66.089363, 18.447743 ], [ -66.089359, 18.447749 ], [ -66.089355, 18.447754 ], [ -66.089351, 18.44776 ], [ -66.089347, 18.447766 ], [ -66.089343, 18.447772 ], [ -66.089339, 18.447778 ], [ -66.089335, 18.447784 ], [ -66.089331, 18.44779 ], [ -66.089327, 18.447796 ], [ -66.089323, 18.447802 ], [ -66.089319, 18.447807 ], [ -66.089315, 18.447813 ], [ -66.089311, 18.447819 ], [ -66.089307, 18.447825 ], [ -66.089303, 18.447831 ], [ -66.089299, 18.447837 ], [ -66.089295, 18.447843 ], [ -66.089291, 18.447849 ], [ -66.089287, 18.447855 ], [ -66.089283, 18.447861 ], [ -66.089279, 18.447867 ], [ -66.089275, 18.447873 ], [ -66.089271, 18.447879 ], [ -66.089267, 18.447885 ], [ -66.089263, 18.447891 ], [ -66.089259, 18.447897 ], [ -66.089255, 18.447903 ], [ -66.089251, 18.447908 ], [ -66.089247, 18.447914 ], [ -66.089243, 18.44792 ], [ -66.089239, 18.447926 ], [ -66.089235, 18.447932 ], [ -66.089231, 18.447938 ], [ -66.089227, 18.447944 ], [ -66.089223, 18.44795 ], [ -66.089219, 18.447956 ], [ -66.089215, 18.447962 ], [ -66.089211, 18.447968 ], [ -66.089207, 18.447974 ], [ -66.089203, 18.44798 ], [ -66.089199, 18.447986 ], [ -66.089195, 18.447992 ], [ -66.089191, 18.447998 ], [ -66.089187, 18.448004 ], [ -66.089183, 18.44801 ], [ -66.089179, 18.448016 ], [ -66.089175, 18.448022 ], [ -66.08917, 18.448028 ], [ -66.089166, 18.448034 ], [ -66.089162, 18.44804 ], [ -66.089158, 18.448045 ], [ -66.089154, 18.448051 ], [ -66.08915, 18.448057 ], [ -66.089146, 18.448063 ], [ -66.089142, 18.448069 ], [ -66.089138, 18.448075 ], [ -66.089134, 18.448081 ], [ -66.08913, 18.448087 ], [ -66.089126, 18.448093 ], [ -66.089122, 18.448099 ], [ -66.089118, 18.448105 ], [ -66.089114, 18.448111 ], [ -66.08911, 18.448117 ], [ -66.089106, 18.448123 ], [ -66.089101, 18.448129 ], [ -66.089097, 18.448135 ], [ -66.089093, 18.448141 ], [ -66.089089, 18.448146 ], [ -66.089085, 18.448152 ], [ -66.089081, 18.448158 ], [ -66.089077, 18.448164 ], [ -66.089073, 18.44817 ], [ -66.089069, 18.448176 ], [ -66.089065, 18.448182 ], [ -66.089061, 18.448188 ], [ -66.089057, 18.448194 ], [ -66.089053, 18.4482 ], [ -66.089049, 18.448206 ], [ -66.089045, 18.448212 ], [ -66.089041, 18.448218 ], [ -66.089037, 18.448224 ], [ -66.089032, 18.44823 ], [ -66.089028, 18.448236 ], [ -66.089024, 18.448242 ], [ -66.08902, 18.448248 ], [ -66.089016, 18.448254 ], [ -66.089012, 18.44826 ], [ -66.089008, 18.448266 ], [ -66.089004, 18.448272 ], [ -66.089, 18.448278 ], [ -66.088996, 18.448284 ], [ -66.088992, 18.44829 ], [ -66.088988, 18.448296 ], [ -66.088984, 18.448302 ], [ -66.08898, 18.448308 ], [ -66.088976, 18.448314 ], [ -66.088972, 18.44832 ], [ -66.088968, 18.448325 ], [ -66.088964, 18.448331 ], [ -66.08896, 18.448338 ], [ -66.088955, 18.448344 ], [ -66.088951, 18.448349 ], [ -66.088947, 18.448355 ], [ -66.088943, 18.448362 ], [ -66.088939, 18.448368 ], [ -66.088935, 18.448374 ], [ -66.088931, 18.44838 ], [ -66.088927, 18.448386 ], [ -66.088923, 18.448392 ], [ -66.088919, 18.448398 ], [ -66.088915, 18.448404 ], [ -66.088911, 18.44841 ], [ -66.088906, 18.448416 ], [ -66.088902, 18.448422 ], [ -66.088898, 18.448428 ], [ -66.088894, 18.448434 ], [ -66.08889, 18.44844 ], [ -66.088886, 18.448446 ], [ -66.088882, 18.448452 ], [ -66.088878, 18.448458 ], [ -66.088874, 18.448464 ], [ -66.08887, 18.44847 ], [ -66.088866, 18.448476 ], [ -66.088861, 18.448483 ], [ -66.088857, 18.448488 ], [ -66.088853, 18.448495 ], [ -66.088849, 18.448501 ], [ -66.088845, 18.448507 ], [ -66.088841, 18.448513 ], [ -66.088837, 18.448519 ], [ -66.088833, 18.448525 ], [ -66.088829, 18.448531 ], [ -66.088825, 18.448537 ], [ -66.088821, 18.448543 ], [ -66.088817, 18.448549 ], [ -66.088813, 18.448555 ], [ -66.088808, 18.448561 ], [ -66.088804, 18.448567 ], [ -66.0888, 18.448573 ], [ -66.088796, 18.448579 ], [ -66.088792, 18.448585 ], [ -66.088788, 18.448591 ], [ -66.088784, 18.448597 ], [ -66.08878, 18.448604 ], [ -66.088778, 18.448604 ], [ -66.088776, 18.448609 ], [ -66.088776, 18.448609 ], [ -66.088773, 18.448614 ], [ -66.08877, 18.448618 ], [ -66.088768, 18.448622 ], [ -66.088766, 18.448626 ], [ -66.088763, 18.448631 ], [ -66.088761, 18.448635 ], [ -66.088758, 18.448638 ], [ -66.088755, 18.448643 ], [ -66.088752, 18.448648 ], [ -66.088749, 18.448652 ], [ -66.088747, 18.448656 ], [ -66.088742, 18.448661 ], [ -66.088738, 18.448667 ], [ -66.088735, 18.448671 ], [ -66.088732, 18.448675 ], [ -66.088729, 18.448679 ], [ -66.088726, 18.448683 ], [ -66.088722, 18.448687 ], [ -66.088719, 18.448691 ], [ -66.088716, 18.448694 ], [ -66.088714, 18.448699 ], [ -66.088711, 18.448704 ], [ -66.088709, 18.448709 ], [ -66.088706, 18.448714 ], [ -66.088704, 18.448719 ], [ -66.088701, 18.448724 ], [ -66.088693, 18.448738 ], [ -66.088687, 18.448747 ], [ -66.088681, 18.448756 ], [ -66.088676, 18.448765 ], [ -66.08867, 18.448774 ], [ -66.088665, 18.448782 ], [ -66.088659, 18.448791 ], [ -66.088654, 18.4488 ], [ -66.088645, 18.448813 ], [ -66.088638, 18.448822 ], [ -66.088631, 18.448833 ], [ -66.088623, 18.448843 ], [ -66.088617, 18.448852 ], [ -66.088611, 18.44886 ], [ -66.088605, 18.448868 ], [ -66.088598, 18.448878 ], [ -66.088592, 18.448886 ], [ -66.088586, 18.448895 ], [ -66.08858, 18.448903 ], [ -66.088579, 18.448904 ], [ -66.088572, 18.448913 ], [ -66.088566, 18.448921 ], [ -66.088559, 18.44893 ], [ -66.088552, 18.448941 ], [ -66.088546, 18.44895 ], [ -66.088538, 18.448961 ], [ -66.088529, 18.448975 ], [ -66.088523, 18.448985 ], [ -66.088517, 18.448994 ], [ -66.08851, 18.449003 ], [ -66.088504, 18.449012 ], [ -66.088497, 18.449023 ], [ -66.088491, 18.44903 ], [ -66.088485, 18.449039 ], [ -66.08848, 18.449047 ], [ -66.08848, 18.449048 ], [ -66.088478, 18.449049 ], [ -66.088469, 18.449045 ], [ -66.088458, 18.449039 ], [ -66.08845, 18.449035 ], [ -66.088442, 18.44903 ], [ -66.088429, 18.449022 ], [ -66.08842, 18.449016 ], [ -66.088412, 18.449011 ], [ -66.088401, 18.449004 ], [ -66.088391, 18.448996 ], [ -66.08838, 18.448989 ], [ -66.088371, 18.448984 ], [ -66.088363, 18.448979 ], [ -66.088354, 18.448973 ], [ -66.088344, 18.448967 ], [ -66.088334, 18.44896 ], [ -66.088321, 18.448953 ], [ -66.088309, 18.448946 ], [ -66.088299, 18.448939 ], [ -66.08829, 18.448933 ], [ -66.088281, 18.448927 ], [ -66.088271, 18.448921 ], [ -66.088262, 18.448915 ], [ -66.088254, 18.448909 ], [ -66.088244, 18.448906 ], [ -66.088235, 18.448903 ], [ -66.088233, 18.448903 ], [ -66.088233, 18.448902 ], [ -66.088223, 18.448897 ], [ -66.088215, 18.448892 ], [ -66.088206, 18.448887 ], [ -66.088197, 18.448881 ], [ -66.088188, 18.448875 ], [ -66.08818, 18.448869 ], [ -66.088171, 18.448863 ], [ -66.088171, 18.448863 ], [ -66.088162, 18.448856 ], [ -66.088153, 18.448848 ], [ -66.088143, 18.448842 ], [ -66.088137, 18.448839 ], [ -66.088132, 18.448836 ], [ -66.088127, 18.448834 ], [ -66.088122, 18.448831 ], [ -66.088115, 18.448828 ], [ -66.088109, 18.448825 ], [ -66.088104, 18.448822 ], [ -66.0881, 18.44882 ], [ -66.088095, 18.448817 ], [ -66.08809, 18.448814 ], [ -66.088085, 18.448811 ], [ -66.088081, 18.448808 ], [ -66.088076, 18.448806 ], [ -66.088072, 18.448803 ], [ -66.088067, 18.448799 ], [ -66.088061, 18.448795 ], [ -66.088057, 18.448792 ], [ -66.088054, 18.448789 ], [ -66.088048, 18.448786 ], [ -66.088043, 18.448784 ], [ -66.088037, 18.448781 ], [ -66.088032, 18.448779 ], [ -66.088027, 18.448776 ], [ -66.088022, 18.448774 ], [ -66.088017, 18.448772 ], [ -66.088012, 18.448769 ], [ -66.088008, 18.448765 ], [ -66.088004, 18.448761 ], [ -66.088, 18.448757 ], [ -66.087996, 18.448755 ], [ -66.087992, 18.448751 ], [ -66.087987, 18.448748 ], [ -66.087983, 18.448745 ], [ -66.087979, 18.448742 ], [ -66.087974, 18.44874 ], [ -66.08797, 18.448736 ], [ -66.087965, 18.448733 ], [ -66.08796, 18.44873 ], [ -66.087956, 18.448727 ], [ -66.087952, 18.448725 ], [ -66.087951, 18.448724 ], [ -66.08794, 18.448717 ], [ -66.087932, 18.448712 ], [ -66.087925, 18.448706 ], [ -66.087915, 18.4487 ], [ -66.087905, 18.448694 ], [ -66.087895, 18.448689 ], [ -66.087885, 18.448683 ], [ -66.087874, 18.448676 ], [ -66.08786, 18.448668 ], [ -66.087849, 18.448662 ], [ -66.08784, 18.448658 ], [ -66.087825, 18.448645 ], [ -66.087814, 18.44864 ], [ -66.087806, 18.448634 ], [ -66.087795, 18.448628 ], [ -66.087786, 18.448622 ], [ -66.087777, 18.448616 ], [ -66.087769, 18.448611 ], [ -66.087759, 18.448604 ], [ -66.08774, 18.448592 ], [ -66.087731, 18.448586 ], [ -66.087723, 18.448581 ], [ -66.08771, 18.448573 ], [ -66.087701, 18.448567 ], [ -66.087693, 18.448562 ], [ -66.087684, 18.448557 ], [ -66.087671, 18.448549 ], [ -66.087661, 18.448542 ], [ -66.087652, 18.448537 ], [ -66.087641, 18.44853 ], [ -66.087629, 18.448522 ], [ -66.087618, 18.448516 ], [ -66.087601, 18.448504 ], [ -66.087587, 18.448495 ], [ -66.087578, 18.448489 ], [ -66.087569, 18.448484 ], [ -66.08756, 18.448478 ], [ -66.08755, 18.448471 ], [ -66.08754, 18.448466 ], [ -66.08753, 18.44846 ], [ -66.087521, 18.448455 ], [ -66.087513, 18.448449 ], [ -66.087504, 18.448443 ], [ -66.087493, 18.448435 ], [ -66.08748, 18.448427 ], [ -66.087465, 18.448418 ], [ -66.08745, 18.448409 ], [ -66.08744, 18.448403 ], [ -66.087428, 18.448395 ], [ -66.087415, 18.448386 ], [ -66.087402, 18.448379 ], [ -66.087391, 18.448372 ], [ -66.087374, 18.448362 ], [ -66.087365, 18.448356 ], [ -66.087355, 18.44835 ], [ -66.087342, 18.448342 ], [ -66.087332, 18.448336 ], [ -66.087318, 18.448327 ], [ -66.087309, 18.448321 ], [ -66.087297, 18.448313 ], [ -66.087278, 18.448301 ], [ -66.087262, 18.448292 ], [ -66.087253, 18.448288 ], [ -66.087244, 18.448283 ], [ -66.087226, 18.448273 ], [ -66.087218, 18.448269 ], [ -66.087206, 18.448262 ], [ -66.087193, 18.448254 ], [ -66.087182, 18.448247 ], [ -66.087173, 18.44824 ], [ -66.087162, 18.448233 ], [ -66.087153, 18.448228 ], [ -66.087144, 18.448223 ], [ -66.087135, 18.448218 ], [ -66.087125, 18.448211 ], [ -66.087115, 18.448205 ], [ -66.087104, 18.448197 ], [ -66.087089, 18.448188 ], [ -66.087077, 18.448181 ], [ -66.087067, 18.448175 ], [ -66.087056, 18.448168 ], [ -66.087046, 18.448162 ], [ -66.087035, 18.448155 ], [ -66.08703, 18.448152 ], [ -66.087025, 18.448149 ], [ -66.08702, 18.448146 ], [ -66.087015, 18.448144 ], [ -66.08701, 18.448141 ], [ -66.087004, 18.448138 ], [ -66.086999, 18.448135 ], [ -66.086994, 18.448132 ], [ -66.086989, 18.448129 ], [ -66.086984, 18.448126 ], [ -66.086979, 18.448123 ], [ -66.086975, 18.448121 ], [ -66.08697, 18.448118 ], [ -66.086965, 18.448114 ], [ -66.086959, 18.448111 ], [ -66.086954, 18.448108 ], [ -66.08695, 18.448105 ], [ -66.086944, 18.448102 ], [ -66.086937, 18.448098 ], [ -66.086931, 18.448094 ], [ -66.086925, 18.44809 ], [ -66.08692, 18.448087 ], [ -66.086916, 18.448084 ], [ -66.086912, 18.448081 ], [ -66.086908, 18.448078 ], [ -66.086903, 18.448075 ], [ -66.086897, 18.448071 ], [ -66.086892, 18.448067 ], [ -66.086886, 18.448064 ], [ -66.086881, 18.44806 ], [ -66.086876, 18.448056 ], [ -66.086871, 18.448053 ], [ -66.086867, 18.44805 ], [ -66.086862, 18.448047 ], [ -66.086857, 18.448044 ], [ -66.086853, 18.448041 ], [ -66.086849, 18.448038 ], [ -66.08684, 18.448032 ], [ -66.086829, 18.448025 ], [ -66.086821, 18.44802 ], [ -66.086812, 18.448014 ], [ -66.086797, 18.448005 ], [ -66.086787, 18.447999 ], [ -66.086778, 18.447994 ], [ -66.086764, 18.447986 ], [ -66.086755, 18.447981 ], [ -66.086745, 18.447976 ], [ -66.086736, 18.447972 ], [ -66.086723, 18.447965 ], [ -66.086714, 18.447961 ], [ -66.086705, 18.447956 ], [ -66.086695, 18.447951 ], [ -66.086687, 18.447945 ], [ -66.086679, 18.447939 ], [ -66.086671, 18.447933 ], [ -66.086661, 18.447926 ], [ -66.086653, 18.44792 ], [ -66.086645, 18.447914 ], [ -66.086635, 18.44791 ], [ -66.086633, 18.44791 ], [ -66.086631, 18.447912 ], [ -66.086625, 18.447923 ], [ -66.08662, 18.447931 ], [ -66.086617, 18.44794 ], [ -66.086612, 18.447951 ], [ -66.086607, 18.447961 ], [ -66.086602, 18.447967 ], [ -66.086601, 18.447967 ], [ -66.086599, 18.447967 ], [ -66.086598, 18.447967 ], [ -66.086588, 18.447966 ], [ -66.086578, 18.447966 ], [ -66.086565, 18.447967 ] ] ] ] } },
{ "type": "Feature", "properties": { "fid": 18, "STATEFP": "72", "COUNTYFP": "127", "COUSUBFP": "79693", "SUBMCDFP": "76840", "SUBMCDNS": "02416000", "GEOID": "721277969376840", "NAME": "San Juan Moderno", "NAMELSAD": "San Juan Moderno subbarrio", "LSAD": "51", "CLASSFP": "Z6", "MTFCC": "G4060", "FUNCSTAT": "N", "ALAND": 89808, "AWATER": 0, "INTPTLAT": "+18.4499502", "INTPTLON": "-066.0609517" }, "geometry": { "type": "MultiPolygon", "coordinates": [ [ [ [ -66.062541, 18.448526 ], [ -66.062572, 18.448378 ], [ -66.062092, 18.448343 ], [ -66.061658, 18.448328 ], [ -66.061078, 18.448347 ], [ -66.060803, 18.448337 ], [ -66.060509, 18.44835 ], [ -66.060304, 18.448354 ], [ -66.060056, 18.448358 ], [ -66.06004, 18.448446 ], [ -66.059855, 18.449423 ], [ -66.059672, 18.4503 ], [ -66.059505, 18.451073 ], [ -66.05976, 18.451145 ], [ -66.059655, 18.451536 ], [ -66.060311, 18.451618 ], [ -66.060879, 18.45169 ], [ -66.061687, 18.451783 ], [ -66.061721, 18.45172 ], [ -66.061801, 18.450944 ], [ -66.061885, 18.450532 ], [ -66.062068, 18.449968 ], [ -66.062244, 18.449418 ], [ -66.062541, 18.448526 ] ] ] ] } },
{ "type": "Feature", "properties": { "fid": 19, "STATEFP": "72", "COUNTYFP": "127", "COUSUBFP": "79693", "SUBMCDFP": "74580", "SUBMCDNS": "02415975", "GEOID": "721277969374580", "NAME": "Sagrado Corazón", "NAMELSAD": "Sagrado Corazón subbarrio", "LSAD": "51", "CLASSFP": "Z6", "MTFCC": "G4060", "FUNCSTAT": "N", "ALAND": 347743, "AWATER": 0, "INTPTLAT": "+18.4420775", "INTPTLON": "-066.0595730" }, "geometry": { "type": "MultiPolygon", "coordinates": [ [ [ [ -66.063768, 18.443128 ], [ -66.063911, 18.442702 ], [ -66.063132, 18.442068 ], [ -66.062662, 18.441655 ], [ -66.062324, 18.441313 ], [ -66.062107, 18.441092 ], [ -66.062001, 18.440973 ], [ -66.061707, 18.440646 ], [ -66.061443, 18.440349 ], [ -66.061383, 18.440282 ], [ -66.061235, 18.440109 ], [ -66.060962, 18.439786 ], [ -66.060818, 18.439611 ], [ -66.060321, 18.439026 ], [ -66.060297, 18.439 ], [ -66.059973, 18.438664 ], [ -66.059858, 18.438544 ], [ -66.059779, 18.438604 ], [ -66.059173, 18.43907 ], [ -66.058363, 18.439682 ], [ -66.0577, 18.44019 ], [ -66.056889, 18.440809 ], [ -66.056676, 18.440956 ], [ -66.056207, 18.441323 ], [ -66.055954, 18.441523 ], [ -66.055304, 18.443267 ], [ -66.055713, 18.443506 ], [ -66.055814, 18.443568 ], [ -66.05616, 18.443774 ], [ -66.056364, 18.443872 ], [ -66.056545, 18.443907 ], [ -66.056955, 18.443929 ], [ -66.057356, 18.443969 ], [ -66.057585, 18.443989 ], [ -66.058041, 18.444041 ], [ -66.05846, 18.444084 ], [ -66.058961, 18.444134 ], [ -66.059349, 18.444166 ], [ -66.059498, 18.444178 ], [ -66.059641, 18.44419 ], [ -66.059782, 18.444205 ], [ -66.060316, 18.44426 ], [ -66.060723, 18.4443 ], [ -66.061128, 18.444285 ], [ -66.061334, 18.444277 ], [ -66.061469, 18.444264 ], [ -66.061589, 18.444256 ], [ -66.062292, 18.444212 ], [ -66.062439, 18.444203 ], [ -66.062512, 18.443797 ], [ -66.063238, 18.444066 ], [ -66.063291, 18.444059 ], [ -66.063371, 18.444048 ], [ -66.063481, 18.443988 ], [ -66.063697, 18.443342 ], [ -66.063768, 18.443128 ] ] ] ] } },
{ "type": "Feature", "properties": { "fid": 20, "STATEFP": "72", "COUNTYFP": "127", "COUSUBFP": "79693", "SUBMCDFP": "34520", "SUBMCDNS": "02415495", "GEOID": "721277969334520", "NAME": "Herrera", "NAMELSAD": "Herrera subbarrio", "LSAD": "51", "CLASSFP": "Z6", "MTFCC": "G4060", "FUNCSTAT": "N", "ALAND": 126406, "AWATER": 0, "INTPTLAT": "+18.4421929", "INTPTLON": "-066.0508109" }, "geometry": { "type": "MultiPolygon", "coordinates": [ [ [ [ -66.053942, 18.442688 ], [ -66.053991, 18.442485 ], [ -66.053611, 18.442241 ], [ -66.053458, 18.442156 ], [ -66.053185, 18.442002 ], [ -66.052756, 18.441748 ], [ -66.052261, 18.441452 ], [ -66.052096, 18.441353 ], [ -66.05189, 18.441244 ], [ -66.051627, 18.44112 ], [ -66.05148, 18.441051 ], [ -66.051091, 18.440877 ], [ -66.050979, 18.440819 ], [ -66.050888, 18.440779 ], [ -66.050715, 18.440704 ], [ -66.050499, 18.440608 ], [ -66.050292, 18.44052 ], [ -66.049891, 18.440341 ], [ -66.049859, 18.440325 ], [ -66.049612, 18.440205 ], [ -66.049486, 18.440144 ], [ -66.049041, 18.441301 ], [ -66.049001, 18.441405 ], [ -66.048846, 18.441805 ], [ -66.048829, 18.441852 ], [ -66.048806, 18.441913 ], [ -66.048143, 18.44365 ], [ -66.04852, 18.443811 ], [ -66.048897, 18.443986 ], [ -66.049296, 18.44415 ], [ -66.050014, 18.442396 ], [ -66.050253, 18.442514 ], [ -66.050337, 18.442555 ], [ -66.050484, 18.442617 ], [ -66.050843, 18.442741 ], [ -66.051041, 18.442805 ], [ -66.051302, 18.442888 ], [ -66.051726, 18.443019 ], [ -66.052252, 18.443185 ], [ -66.052822, 18.443368 ], [ -66.053268, 18.443501 ], [ -66.053309, 18.443339 ], [ -66.053579, 18.443403 ], [ -66.05376, 18.443447 ], [ -66.053894, 18.442888 ], [ -66.053942, 18.442688 ] ] ] ] } },
{ "type": "Feature", "properties": { "fid": 21, "STATEFP": "72", "COUNTYFP": "127", "COUSUBFP": "79693", "SUBMCDFP": "02350", "SUBMCDNS": "02415108", "GEOID": "721277969302350", "NAME": "Alto del Cabro", "NAMELSAD": "Alto del Cabro subbarrio", "LSAD": "51", "CLASSFP": "Z6", "MTFCC": "G4060", "FUNCSTAT": "N", "ALAND": 156073, "AWATER": 28135, "INTPTLAT": "+18.4537183", "INTPTLON": "-066.0753882" }, "geometry": { "type": "MultiPolygon", "coordinates": [ [ [ [ -66.078845, 18.453457 ], [ -66.078799, 18.453427 ], [ -66.078749, 18.453395 ], [ -66.078702, 18.453365 ], [ -66.078645, 18.453328 ], [ -66.078616, 18.453309 ], [ -66.07832, 18.453132 ], [ -66.078284, 18.453113 ], [ -66.077746, 18.452845 ], [ -66.077622, 18.452783 ], [ -66.077183, 18.452543 ], [ -66.076986, 18.452435 ], [ -66.076736, 18.452269 ], [ -66.076637, 18.452213 ], [ -66.076525, 18.45215 ], [ -66.076195, 18.451945 ], [ -66.076043, 18.45185 ], [ -66.075666, 18.451616 ], [ -66.075069, 18.451223 ], [ -66.074532, 18.452004 ], [ -66.074098, 18.452617 ], [ -66.073875, 18.452896 ], [ -66.073787, 18.453087 ], [ -66.073743, 18.453256 ], [ -66.07372, 18.453343 ], [ -66.073712, 18.453366 ], [ -66.073663, 18.453577 ], [ -66.07365, 18.45382 ], [ -66.073667, 18.454086 ], [ -66.073679, 18.454588 ], [ -66.073689, 18.454969 ], [ -66.075266, 18.455713 ], [ -66.075401, 18.455344 ], [ -66.075435, 18.455301 ], [ -66.075582, 18.455176 ], [ -66.076325, 18.455576 ], [ -66.077233, 18.456123 ], [ -66.077712, 18.456375 ], [ -66.078024, 18.455415 ], [ -66.078064, 18.455252 ], [ -66.078107, 18.455077 ], [ -66.07807, 18.454929 ], [ -66.078132, 18.454818 ], [ -66.078191, 18.454711 ], [ -66.078272, 18.454596 ], [ -66.078738, 18.453636 ], [ -66.078845, 18.453457 ] ] ] ] } },
{ "type": "Feature", "properties": { "fid": 22, "STATEFP": "72", "COUNTYFP": "127", "COUSUBFP": "79693", "SUBMCDFP": "56907", "SUBMCDNS": "02415730", "GEOID": "721277969356907", "NAME": "Barrio Obrero", "NAMELSAD": "Obrero subbarrio", "LSAD": "51", "CLASSFP": "Z6", "MTFCC": "G4060", "FUNCSTAT": "N", "ALAND": 1043398, "AWATER": 44176, "INTPTLAT": "+18.4348706", "INTPTLON": "-066.0521061" }, "geometry": { "type": "MultiPolygon", "coordinates": [ [ [ [ -66.047215, 18.429267 ], [ -66.047093, 18.429164 ], [ -66.047043, 18.42924 ], [ -66.046924, 18.429421 ], [ -66.046849, 18.429536 ], [ -66.046741, 18.4297 ], [ -66.04673, 18.429718 ], [ -66.046533, 18.430012 ], [ -66.046403, 18.430203 ], [ -66.04624, 18.430413 ], [ -66.046001, 18.430588 ], [ -66.045923, 18.430646 ], [ -66.045637, 18.430782 ], [ -66.045541, 18.430828 ], [ -66.045413, 18.430889 ], [ -66.045326, 18.43093 ], [ -66.045168, 18.431005 ], [ -66.044902, 18.43113 ], [ -66.044773, 18.431192 ], [ -66.044281, 18.431441 ], [ -66.044256, 18.431468 ], [ -66.044123, 18.431601 ], [ -66.044045, 18.431792 ], [ -66.044045, 18.432011 ], [ -66.044051, 18.432032 ], [ -66.044062, 18.432072 ], [ -66.044088, 18.432167 ], [ -66.044101, 18.432203 ], [ -66.044113, 18.43223 ], [ -66.044129, 18.432265 ], [ -66.044147, 18.432316 ], [ -66.044158, 18.432349 ], [ -66.04433, 18.432848 ], [ -66.044795, 18.434202 ], [ -66.045023, 18.434865 ], [ -66.04552, 18.434944 ], [ -66.045929, 18.435008 ], [ -66.046065, 18.43503 ], [ -66.046676, 18.43512 ], [ -66.047071, 18.435172 ], [ -66.047123, 18.435186 ], [ -66.047596, 18.435254 ], [ -66.047749, 18.435277 ], [ -66.048085, 18.435335 ], [ -66.048542, 18.435401 ], [ -66.048781, 18.435439 ], [ -66.04886, 18.435453 ], [ -66.049254, 18.435518 ], [ -66.049636, 18.435582 ], [ -66.050011, 18.435645 ], [ -66.050194, 18.435715 ], [ -66.050413, 18.435799 ], [ -66.051361, 18.436251 ], [ -66.05097, 18.437384 ], [ -66.049944, 18.440087 ], [ -66.049859, 18.440325 ], [ -66.049891, 18.440341 ], [ -66.050292, 18.44052 ], [ -66.050499, 18.440608 ], [ -66.050715, 18.440704 ], [ -66.050888, 18.440779 ], [ -66.050979, 18.440819 ], [ -66.051091, 18.440877 ], [ -66.05148, 18.441051 ], [ -66.051627, 18.44112 ], [ -66.05189, 18.441244 ], [ -66.052096, 18.441353 ], [ -66.052261, 18.441452 ], [ -66.052756, 18.441748 ], [ -66.053185, 18.442002 ], [ -66.053458, 18.442156 ], [ -66.053611, 18.442241 ], [ -66.053991, 18.442485 ], [ -66.054232, 18.441992 ], [ -66.054401, 18.441651 ], [ -66.054519, 18.441214 ], [ -66.054614, 18.440704 ], [ -66.054683, 18.440359 ], [ -66.054711, 18.440215 ], [ -66.054823, 18.439634 ], [ -66.054939, 18.439023 ], [ -66.05502, 18.438643 ], [ -66.055212, 18.437635 ], [ -66.055688, 18.437698 ], [ -66.056155, 18.437761 ], [ -66.056618, 18.437825 ], [ -66.056715, 18.437836 ], [ -66.05709, 18.437888 ], [ -66.057573, 18.437947 ], [ -66.058063, 18.437963 ], [ -66.058279, 18.437956 ], [ -66.05855, 18.437922 ], [ -66.058763, 18.437907 ], [ -66.058992, 18.437878 ], [ -66.059448, 18.437813 ], [ -66.059371, 18.437409 ], [ -66.059325, 18.436837 ], [ -66.059315, 18.4367 ], [ -66.059288, 18.436329 ], [ -66.059278, 18.436194 ], [ -66.059275, 18.436159 ], [ -66.059273, 18.436133 ], [ -66.059269, 18.436075 ], [ -66.059236, 18.435653 ], [ -66.059166, 18.434839 ], [ -66.059105, 18.434138 ], [ -66.059093, 18.434003 ], [ -66.059078, 18.433723 ], [ -66.059079, 18.433678 ], [ -66.059073, 18.433633 ], [ -66.059063, 18.433454 ], [ -66.058814, 18.433426 ], [ -66.058349, 18.433461 ], [ -66.058051, 18.433551 ], [ -66.057865, 18.433622 ], [ -66.057678, 18.433675 ], [ -66.057362, 18.433763 ], [ -66.057083, 18.433781 ], [ -66.05684, 18.433746 ], [ -66.056487, 18.433604 ], [ -66.0563, 18.433266 ], [ -66.056207, 18.43307 ], [ -66.056059, 18.432627 ], [ -66.055984, 18.432395 ], [ -66.055928, 18.432182 ], [ -66.055761, 18.431666 ], [ -66.055667, 18.431471 ], [ -66.055537, 18.431329 ], [ -66.055388, 18.43117 ], [ -66.055221, 18.43108 ], [ -66.054942, 18.430973 ], [ -66.054737, 18.430938 ], [ -66.054494, 18.43092 ], [ -66.054141, 18.431044 ], [ -66.053954, 18.431276 ], [ -66.053861, 18.431471 ], [ -66.05375, 18.431844 ], [ -66.053676, 18.43204 ], [ -66.053601, 18.432217 ], [ -66.053471, 18.432466 ], [ -66.053172, 18.432626 ], [ -66.052986, 18.432661 ], [ -66.052763, 18.432661 ], [ -66.052447, 18.432608 ], [ -66.052186, 18.432537 ], [ -66.051925, 18.432359 ], [ -66.051665, 18.432147 ], [ -66.051366, 18.431915 ], [ -66.051032, 18.431684 ], [ -66.050678, 18.431417 ], [ -66.050306, 18.431239 ], [ -66.050008, 18.431097 ], [ -66.049784, 18.430955 ], [ -66.049542, 18.430866 ], [ -66.0493, 18.430724 ], [ -66.048947, 18.4306 ], [ -66.048667, 18.430458 ], [ -66.048463, 18.430316 ], [ -66.048202, 18.430138 ], [ -66.04796, 18.429942 ], [ -66.047699, 18.429728 ], [ -66.04742, 18.429462 ], [ -66.047215, 18.429267 ] ] ] ] } },
{ "type": "Feature", "properties": { "fid": 23, "STATEFP": "72", "COUNTYFP": "127", "COUSUBFP": "79693", "SUBMCDFP": "44265", "SUBMCDNS": "02415578", "GEOID": "721277969344265", "NAME": "Las Palmas", "NAMELSAD": "Las Palmas subbarrio", "LSAD": "51", "CLASSFP": "Z6", "MTFCC": "G4060", "FUNCSTAT": "N", "ALAND": 315718, "AWATER": 0, "INTPTLAT": "+18.4370607", "INTPTLON": "-066.0473869" }, "geometry": { "type": "MultiPolygon", "coordinates": [ [ [ [ -66.05097, 18.437384 ], [ -66.051361, 18.436251 ], [ -66.050413, 18.435799 ], [ -66.050194, 18.435715 ], [ -66.050011, 18.435645 ], [ -66.049636, 18.435582 ], [ -66.049254, 18.435518 ], [ -66.04886, 18.435453 ], [ -66.048781, 18.435439 ], [ -66.048542, 18.435401 ], [ -66.048085, 18.435335 ], [ -66.047749, 18.435277 ], [ -66.047596, 18.435254 ], [ -66.047123, 18.435186 ], [ -66.047071, 18.435172 ], [ -66.046676, 18.43512 ], [ -66.046065, 18.43503 ], [ -66.045929, 18.435008 ], [ -66.04552, 18.434944 ], [ -66.045023, 18.434865 ], [ -66.044901, 18.434875 ], [ -66.044081, 18.434877 ], [ -66.043685, 18.434878 ], [ -66.04356, 18.434898 ], [ -66.043357, 18.434933 ], [ -66.043272, 18.435011 ], [ -66.043205, 18.435147 ], [ -66.042995, 18.435772 ], [ -66.042849, 18.436198 ], [ -66.042821, 18.436276 ], [ -66.042805, 18.436326 ], [ -66.042658, 18.436761 ], [ -66.042677, 18.436768 ], [ -66.04333, 18.436966 ], [ -66.04354, 18.437032 ], [ -66.044321, 18.437276 ], [ -66.044448, 18.437315 ], [ -66.04458, 18.437356 ], [ -66.044908, 18.437459 ], [ -66.045114, 18.437524 ], [ -66.045147, 18.43756 ], [ -66.045471, 18.43782 ], [ -66.045586, 18.437913 ], [ -66.045666, 18.437985 ], [ -66.046001, 18.438273 ], [ -66.046283, 18.438515 ], [ -66.046423, 18.438625 ], [ -66.046606, 18.438775 ], [ -66.046851, 18.438934 ], [ -66.046989, 18.439008 ], [ -66.047442, 18.439216 ], [ -66.047854, 18.439411 ], [ -66.048097, 18.439521 ], [ -66.048182, 18.439559 ], [ -66.048351, 18.439636 ], [ -66.048935, 18.439901 ], [ -66.049156, 18.439999 ], [ -66.049218, 18.440026 ], [ -66.04928, 18.440054 ], [ -66.049486, 18.440144 ], [ -66.049612, 18.440205 ], [ -66.049859, 18.440325 ], [ -66.049944, 18.440087 ], [ -66.05097, 18.437384 ] ] ] ] } },
{ "type": "Feature", "properties": { "fid": 24, "STATEFP": "72", "COUNTYFP": "127", "COUSUBFP": "79693", "SUBMCDFP": "50815", "SUBMCDNS": "02415641", "GEOID": "721277969350815", "NAME": "María Moczó", "NAMELSAD": "María Moczó subbarrio", "LSAD": "51", "CLASSFP": "Z6", "MTFCC": "G4060", "FUNCSTAT": "N", "ALAND": 107049, "AWATER": 0, "INTPTLAT": "+18.4444904", "INTPTLON": "-066.0535296" }, "geometry": { "type": "MultiPolygon", "coordinates": [ [ [ [ -66.054969, 18.444643 ], [ -66.055304, 18.443267 ], [ -66.054939, 18.443049 ], [ -66.054917, 18.44303 ], [ -66.054741, 18.442929 ], [ -66.054677, 18.442892 ], [ -66.054597, 18.442844 ], [ -66.053991, 18.442485 ], [ -66.053942, 18.442688 ], [ -66.053894, 18.442888 ], [ -66.05376, 18.443447 ], [ -66.053579, 18.443403 ], [ -66.053309, 18.443339 ], [ -66.053268, 18.443501 ], [ -66.052822, 18.443368 ], [ -66.052252, 18.443185 ], [ -66.051726, 18.443019 ], [ -66.051255, 18.444705 ], [ -66.051823, 18.444822 ], [ -66.052411, 18.444951 ], [ -66.052863, 18.445038 ], [ -66.053144, 18.445096 ], [ -66.053332, 18.445136 ], [ -66.052992, 18.446429 ], [ -66.053363, 18.44651 ], [ -66.053703, 18.446581 ], [ -66.054013, 18.44665 ], [ -66.054438, 18.446745 ], [ -66.054671, 18.445835 ], [ -66.054781, 18.445424 ], [ -66.054969, 18.444643 ] ] ] ] } },
{ "type": "Feature", "properties": { "fid": 25, "STATEFP": "72", "COUNTYFP": "127", "COUSUBFP": "79693", "SUBMCDFP": "28373", "SUBMCDNS": "02415413", "GEOID": "721277969328373", "NAME": "Figueroa", "NAMELSAD": "Figueroa subbarrio", "LSAD": "51", "CLASSFP": "Z6", "MTFCC": "G4060", "FUNCSTAT": "N", "ALAND": 351961, "AWATER": 0, "INTPTLAT": "+18.4482852", "INTPTLON": "-066.0750981" }, "geometry": { "type": "MultiPolygon", "coordinates": [ [ [ [ -66.078616, 18.447417 ], [ -66.078345, 18.447227 ], [ -66.078249, 18.447125 ], [ -66.078148, 18.447018 ], [ -66.07718, 18.446405 ], [ -66.076733, 18.446145 ], [ -66.076355, 18.445913 ], [ -66.075999, 18.445713 ], [ -66.075667, 18.445519 ], [ -66.075472, 18.445422 ], [ -66.075207, 18.445278 ], [ -66.074744, 18.445027 ], [ -66.074265, 18.44471 ], [ -66.07415, 18.444633 ], [ -66.073927, 18.444884 ], [ -66.073536, 18.445355 ], [ -66.073051, 18.445932 ], [ -66.072548, 18.446542 ], [ -66.072106, 18.447083 ], [ -66.071725, 18.447536 ], [ -66.071628, 18.447647 ], [ -66.071145, 18.448237 ], [ -66.071415, 18.448454 ], [ -66.072044, 18.448951 ], [ -66.072379, 18.449206 ], [ -66.072652, 18.449419 ], [ -66.072965, 18.449666 ], [ -66.073217, 18.449862 ], [ -66.073261, 18.449904 ], [ -66.07413, 18.450561 ], [ -66.074431, 18.450789 ], [ -66.075069, 18.451223 ], [ -66.075666, 18.451616 ], [ -66.076043, 18.45185 ], [ -66.076195, 18.451945 ], [ -66.076525, 18.45215 ], [ -66.076637, 18.452213 ], [ -66.076736, 18.452269 ], [ -66.077113, 18.451435 ], [ -66.077364, 18.450709 ], [ -66.077612, 18.449977 ], [ -66.077575, 18.449957 ], [ -66.077772, 18.449368 ], [ -66.077865, 18.449052 ], [ -66.078025, 18.448498 ], [ -66.078053, 18.448388 ], [ -66.078138, 18.44805 ], [ -66.078306, 18.447363 ], [ -66.078616, 18.447417 ] ] ] ] } },
{ "type": "Feature", "properties": { "fid": 26, "STATEFP": "72", "COUNTYFP": "127", "COUSUBFP": "79693", "SUBMCDFP": "19927", "SUBMCDNS": "02415001", "GEOID": "721277969319927", "NAME": "Condado", "NAMELSAD": "Condado subbarrio", "LSAD": "51", "CLASSFP": "Z6", "MTFCC": "G4060", "FUNCSTAT": "N", "ALAND": 797526, "AWATER": 1250177, "INTPTLAT": "+18.4592776", "INTPTLON": "-066.0770116" }, "geometry": { "type": "MultiPolygon", "coordinates": [ [ [ [ -66.081629, 18.461689 ], [ -66.081707, 18.46169 ], [ -66.081762, 18.461695 ], [ -66.081806, 18.461703 ], [ -66.08185, 18.46171 ], [ -66.081896, 18.461717 ], [ -66.081911, 18.461717 ], [ -66.081958, 18.461717 ], [ -66.081986, 18.461697 ], [ -66.081995, 18.461653 ], [ -66.082033, 18.461635 ], [ -66.082076, 18.461615 ], [ -66.082134, 18.461619 ], [ -66.082162, 18.461602 ], [ -66.082215, 18.461562 ], [ -66.082279, 18.46152 ], [ -66.082334, 18.461447 ], [ -66.082392, 18.46138 ], [ -66.082451, 18.46133 ], [ -66.082515, 18.461253 ], [ -66.082554, 18.461198 ], [ -66.082577, 18.461127 ], [ -66.082576, 18.461078 ], [ -66.082561, 18.460996 ], [ -66.082549, 18.460927 ], [ -66.082547, 18.460862 ], [ -66.082569, 18.460817 ], [ -66.082612, 18.460782 ], [ -66.082653, 18.460772 ], [ -66.082654, 18.460769 ], [ -66.082688, 18.460757 ], [ -66.08273, 18.460746 ], [ -66.082763, 18.46074 ], [ -66.082821, 18.460736 ], [ -66.082844, 18.460731 ], [ -66.082894, 18.460725 ], [ -66.082939, 18.460717 ], [ -66.082993, 18.460709 ], [ -66.083057, 18.4607 ], [ -66.083108, 18.460693 ], [ -66.083159, 18.460684 ], [ -66.083206, 18.460677 ], [ -66.083252, 18.46067 ], [ -66.083258, 18.460669 ], [ -66.083317, 18.460661 ], [ -66.08334, 18.460654 ], [ -66.083359, 18.46064 ], [ -66.083375, 18.460623 ], [ -66.083385, 18.460603 ], [ -66.083386, 18.46059 ], [ -66.08558, 18.460151 ], [ -66.085724, 18.460125 ], [ -66.08573, 18.460003 ], [ -66.085802, 18.459602 ], [ -66.085916, 18.458969 ], [ -66.085688, 18.458921 ], [ -66.0842, 18.458611 ], [ -66.082176, 18.458082 ], [ -66.080856, 18.457651 ], [ -66.079397, 18.457132 ], [ -66.078445, 18.456702 ], [ -66.077712, 18.456375 ], [ -66.077233, 18.456123 ], [ -66.076325, 18.455576 ], [ -66.075582, 18.455176 ], [ -66.075435, 18.455301 ], [ -66.075401, 18.455344 ], [ -66.075266, 18.455713 ], [ -66.073689, 18.454969 ], [ -66.073679, 18.454588 ], [ -66.073667, 18.454086 ], [ -66.07365, 18.45382 ], [ -66.073663, 18.453577 ], [ -66.073712, 18.453366 ], [ -66.07372, 18.453343 ], [ -66.073743, 18.453256 ], [ -66.073787, 18.453087 ], [ -66.073875, 18.452896 ], [ -66.074098, 18.452617 ], [ -66.073807, 18.452548 ], [ -66.07259, 18.452471 ], [ -66.072104, 18.452443 ], [ -66.071682, 18.452345 ], [ -66.071482, 18.452262 ], [ -66.071191, 18.45212 ], [ -66.070946, 18.452001 ], [ -66.070679, 18.451893 ], [ -66.070413, 18.451756 ], [ -66.070369, 18.451875 ], [ -66.07034, 18.451956 ], [ -66.069936, 18.451898 ], [ -66.069864, 18.452125 ], [ -66.069804, 18.452131 ], [ -66.068856, 18.452242 ], [ -66.068832, 18.452245 ], [ -66.068113, 18.452332 ], [ -66.067904, 18.452493 ], [ -66.067516, 18.452452 ], [ -66.067066, 18.452394 ], [ -66.066509, 18.452332 ], [ -66.065929, 18.452311 ], [ -66.065849, 18.452306 ], [ -66.065483, 18.452282 ], [ -66.065189, 18.452256 ], [ -66.064947, 18.452232 ], [ -66.063891, 18.452065 ], [ -66.063721, 18.452634 ], [ -66.063644, 18.452912 ], [ -66.063575, 18.453197 ], [ -66.063473, 18.453772 ], [ -66.063357, 18.454476 ], [ -66.063233, 18.454876 ], [ -66.063103, 18.455464 ], [ -66.063091, 18.455517 ], [ -66.063239, 18.455583 ], [ -66.063334, 18.455657 ], [ -66.063457, 18.455727 ], [ -66.06353, 18.455772 ], [ -66.063489, 18.455849 ], [ -66.063526, 18.455875 ], [ -66.063539, 18.455853 ], [ -66.063588, 18.455864 ], [ -66.063691, 18.455936 ], [ -66.063785, 18.455993 ], [ -66.06385, 18.456028 ], [ -66.0641, 18.456211 ], [ -66.064207, 18.456292 ], [ -66.064296, 18.456378 ], [ -66.064395, 18.456437 ], [ -66.064652, 18.456549 ], [ -66.064743, 18.456641 ], [ -66.064797, 18.456705 ], [ -66.064831, 18.456748 ], [ -66.064894, 18.456783 ], [ -66.064994, 18.456842 ], [ -66.065081, 18.456867 ], [ -66.065162, 18.456928 ], [ -66.065266, 18.456987 ], [ -66.065322, 18.457064 ], [ -66.065335, 18.457103 ], [ -66.065337, 18.45713 ], [ -66.065348, 18.457175 ], [ -66.06539, 18.457212 ], [ -66.065452, 18.457202 ], [ -66.065481, 18.457192 ], [ -66.06549, 18.457217 ], [ -66.065532, 18.45722 ], [ -66.065577, 18.457282 ], [ -66.065554, 18.457335 ], [ -66.065575, 18.457392 ], [ -66.065595, 18.457475 ], [ -66.065638, 18.457514 ], [ -66.065651, 18.457446 ], [ -66.065674, 18.457367 ], [ -66.065754, 18.457394 ], [ -66.065789, 18.457399 ], [ -66.065807, 18.457402 ], [ -66.065968, 18.457415 ], [ -66.06608, 18.457437 ], [ -66.066185, 18.457464 ], [ -66.066226, 18.457478 ], [ -66.066265, 18.45748 ], [ -66.066333, 18.457452 ], [ -66.066391, 18.457434 ], [ -66.066459, 18.457422 ], [ -66.06651, 18.45742 ], [ -66.066573, 18.457418 ], [ -66.066671, 18.457408 ], [ -66.066751, 18.457375 ], [ -66.066831, 18.45736 ], [ -66.066895, 18.457344 ], [ -66.067023, 18.457266 ], [ -66.067145, 18.457222 ], [ -66.067208, 18.4572 ], [ -66.067284, 18.457174 ], [ -66.06739, 18.45714 ], [ -66.067516, 18.457081 ], [ -66.067635, 18.457053 ], [ -66.06779, 18.457046 ], [ -66.067957, 18.457033 ], [ -66.068028, 18.457001 ], [ -66.068103, 18.457017 ], [ -66.068205, 18.456963 ], [ -66.06827, 18.456953 ], [ -66.068329, 18.456966 ], [ -66.068367, 18.456975 ], [ -66.068411, 18.45696 ], [ -66.068436, 18.456951 ], [ -66.068492, 18.456936 ], [ -66.068539, 18.456924 ], [ -66.068596, 18.456921 ], [ -66.068675, 18.456934 ], [ -66.068758, 18.45694 ], [ -66.068831, 18.456949 ], [ -66.068896, 18.456966 ], [ -66.069006, 18.456966 ], [ -66.069085, 18.456955 ], [ -66.069154, 18.456933 ], [ -66.0692, 18.4569 ], [ -66.069267, 18.45691 ], [ -66.069383, 18.456931 ], [ -66.069457, 18.456958 ], [ -66.06954, 18.456983 ], [ -66.069601, 18.457012 ], [ -66.069669, 18.457044 ], [ -66.069725, 18.457066 ], [ -66.069796, 18.457087 ], [ -66.069799, 18.457088 ], [ -66.069897, 18.457108 ], [ -66.069948, 18.457116 ], [ -66.070029, 18.45712 ], [ -66.070115, 18.457133 ], [ -66.070182, 18.457162 ], [ -66.070275, 18.457205 ], [ -66.070387, 18.45725 ], [ -66.070454, 18.457281 ], [ -66.070521, 18.457309 ], [ -66.070536, 18.457316 ], [ -66.070567, 18.457333 ], [ -66.070619, 18.457391 ], [ -66.070668, 18.457424 ], [ -66.070744, 18.45739 ], [ -66.070806, 18.457335 ], [ -66.070885, 18.457335 ], [ -66.071006, 18.457324 ], [ -66.071228, 18.457335 ], [ -66.07136, 18.457381 ], [ -66.07149, 18.457391 ], [ -66.07162, 18.457412 ], [ -66.07171, 18.45743 ], [ -66.071822, 18.457468 ], [ -66.071899, 18.457495 ], [ -66.072044, 18.457534 ], [ -66.072091, 18.457553 ], [ -66.072177, 18.457565 ], [ -66.072243, 18.457585 ], [ -66.07227, 18.457594 ], [ -66.072373, 18.457637 ], [ -66.072467, 18.457661 ], [ -66.072547, 18.457676 ], [ -66.072602, 18.457681 ], [ -66.072693, 18.45771 ], [ -66.072839, 18.457749 ], [ -66.072932, 18.457784 ], [ -66.07308, 18.457848 ], [ -66.07322, 18.457917 ], [ -66.073408, 18.458027 ], [ -66.073503, 18.458059 ], [ -66.073606, 18.458113 ], [ -66.073709, 18.458198 ], [ -66.073771, 18.458272 ], [ -66.073793, 18.458332 ], [ -66.073795, 18.458519 ], [ -66.07379, 18.458548 ], [ -66.073767, 18.458618 ], [ -66.073769, 18.458674 ], [ -66.073907, 18.458762 ], [ -66.073987, 18.458798 ], [ -66.074113, 18.458821 ], [ -66.074287, 18.458855 ], [ -66.074441, 18.458872 ], [ -66.074634, 18.458889 ], [ -66.074803, 18.458922 ], [ -66.074978, 18.458952 ], [ -66.075095, 18.458951 ], [ -66.075129, 18.45892 ], [ -66.075172, 18.45893 ], [ -66.075213, 18.458962 ], [ -66.075264, 18.458966 ], [ -66.075355, 18.458948 ], [ -66.075416, 18.458971 ], [ -66.075512, 18.459002 ], [ -66.075639, 18.459071 ], [ -66.075757, 18.459121 ], [ -66.075901, 18.459221 ], [ -66.076033, 18.459313 ], [ -66.076076, 18.45933 ], [ -66.076088, 18.459338 ], [ -66.076058, 18.459365 ], [ -66.076069, 18.459411 ], [ -66.076125, 18.459411 ], [ -66.076135, 18.459375 ], [ -66.076138, 18.459368 ], [ -66.076248, 18.459411 ], [ -66.076382, 18.459451 ], [ -66.076485, 18.459502 ], [ -66.076554, 18.459521 ], [ -66.076711, 18.459568 ], [ -66.076821, 18.459607 ], [ -66.076834, 18.459609 ], [ -66.077037, 18.459647 ], [ -66.077363, 18.459712 ], [ -66.077451, 18.459767 ], [ -66.077586, 18.459835 ], [ -66.07765, 18.459866 ], [ -66.077755, 18.459909 ], [ -66.077775, 18.459918 ], [ -66.077845, 18.459951 ], [ -66.077995, 18.459994 ], [ -66.078117, 18.460047 ], [ -66.07817, 18.460093 ], [ -66.078191, 18.460139 ], [ -66.078193, 18.460149 ], [ -66.078207, 18.460202 ], [ -66.078221, 18.460266 ], [ -66.078215, 18.460289 ], [ -66.078291, 18.460334 ], [ -66.078362, 18.46037 ], [ -66.078421, 18.4604 ], [ -66.078554, 18.460427 ], [ -66.078628, 18.46045 ], [ -66.078745, 18.460484 ], [ -66.078867, 18.460525 ], [ -66.078957, 18.460577 ], [ -66.079045, 18.4606 ], [ -66.079136, 18.460648 ], [ -66.079189, 18.460704 ], [ -66.079207, 18.460785 ], [ -66.079271, 18.460891 ], [ -66.079392, 18.460991 ], [ -66.079499, 18.461082 ], [ -66.079535, 18.461144 ], [ -66.079627, 18.461178 ], [ -66.079681, 18.461171 ], [ -66.079811, 18.461153 ], [ -66.079903, 18.461182 ], [ -66.080014, 18.461247 ], [ -66.080062, 18.4613 ], [ -66.080127, 18.461369 ], [ -66.080167, 18.461386 ], [ -66.080257, 18.461374 ], [ -66.080332, 18.461417 ], [ -66.0804, 18.461489 ], [ -66.080509, 18.461521 ], [ -66.080606, 18.46157 ], [ -66.080688, 18.461588 ], [ -66.080719, 18.461576 ], [ -66.080871, 18.46159 ], [ -66.080882, 18.461594 ], [ -66.080926, 18.461612 ], [ -66.080948, 18.46162 ], [ -66.081015, 18.461628 ], [ -66.081129, 18.461633 ], [ -66.081201, 18.461647 ], [ -66.081308, 18.461669 ], [ -66.081421, 18.461687 ], [ -66.081523, 18.46169 ], [ -66.081573, 18.4617 ], [ -66.081629, 18.461689 ] ] ], [ [ [ -66.08243, 18.461847 ], [ -66.082362, 18.461888 ], [ -66.082394, 18.461904 ], [ -66.082446, 18.461909 ], [ -66.082492, 18.4619 ], [ -66.082559, 18.461881 ], [ -66.082609, 18.461857 ], [ -66.082634, 18.461862 ], [ -66.082657, 18.461863 ], [ -66.082662, 18.461851 ], [ -66.082658, 18.461828 ], [ -66.082613, 18.461801 ], [ -66.082553, 18.461785 ], [ -66.082501, 18.461817 ], [ -66.08243, 18.461847 ] ] ], [ [ [ -66.082582, 18.46193 ], [ -66.082574, 18.461935 ], [ -66.082633, 18.461989 ], [ -66.082692, 18.462002 ], [ -66.082692, 18.461961 ], [ -66.082617, 18.461936 ], [ -66.082582, 18.46193 ] ] ] ] } },
{ "type": "Feature", "properties": { "fid": 28, "STATEFP": "72", "COUNTYFP": "127", "COUSUBFP": "79693", "SUBMCDFP": "51532", "SUBMCDNS": "02415654", "GEOID": "721277969351532", "NAME": "Marruecos", "NAMELSAD": "Marruecos subbarrio", "LSAD": "51", "CLASSFP": "Z6", "MTFCC": "G4060", "FUNCSTAT": "N", "ALAND": 271343, "AWATER": 36932, "INTPTLAT": "+18.4400994", "INTPTLON": "-066.0722254" }, "geometry": { "type": "MultiPolygon", "coordinates": [ [ [ [ -66.070097, 18.436395 ], [ -66.069959, 18.436348 ], [ -66.069899, 18.436493 ], [ -66.069193, 18.439195 ], [ -66.068911, 18.439724 ], [ -66.068763, 18.439992 ], [ -66.068717, 18.440142 ], [ -66.068702, 18.440209 ], [ -66.068646, 18.440447 ], [ -66.068582, 18.440691 ], [ -66.068817, 18.440723 ], [ -66.069346, 18.440694 ], [ -66.070199, 18.440634 ], [ -66.070409, 18.440624 ], [ -66.070733, 18.440627 ], [ -66.070893, 18.440644 ], [ -66.0714, 18.440759 ], [ -66.071417, 18.440763 ], [ -66.07157, 18.440897 ], [ -66.071758, 18.44115 ], [ -66.072301, 18.441823 ], [ -66.072597, 18.442182 ], [ -66.073034, 18.442918 ], [ -66.073246, 18.443228 ], [ -66.073415, 18.443027 ], [ -66.073461, 18.442973 ], [ -66.073504, 18.442922 ], [ -66.073494, 18.442869 ], [ -66.073457, 18.442682 ], [ -66.073414, 18.442466 ], [ -66.073486, 18.44205 ], [ -66.073564, 18.442025 ], [ -66.073808, 18.442077 ], [ -66.075096, 18.442551 ], [ -66.07529, 18.442603 ], [ -66.075432, 18.442241 ], [ -66.07554, 18.441936 ], [ -66.076162, 18.440658 ], [ -66.076166, 18.440579 ], [ -66.076178, 18.440161 ], [ -66.07616, 18.44015 ], [ -66.076055, 18.44018 ], [ -66.075795, 18.440109 ], [ -66.075552, 18.439843 ], [ -66.075348, 18.439594 ], [ -66.075068, 18.43938 ], [ -66.074826, 18.439238 ], [ -66.074565, 18.439096 ], [ -66.07436, 18.438918 ], [ -66.074211, 18.438741 ], [ -66.073988, 18.438562 ], [ -66.07356, 18.43819 ], [ -66.073318, 18.437977 ], [ -66.073113, 18.437816 ], [ -66.072741, 18.437585 ], [ -66.072424, 18.437372 ], [ -66.07194, 18.437141 ], [ -66.071568, 18.436946 ], [ -66.071158, 18.436786 ], [ -66.070767, 18.436591 ], [ -66.07032, 18.43643 ], [ -66.070097, 18.436395 ] ] ] ] } },
{ "type": "Feature", "properties": { "fid": 29, "STATEFP": "72", "COUNTYFP": "127", "COUSUBFP": "79693", "SUBMCDFP": "66030", "SUBMCDNS": "02415858", "GEOID": "721277969366030", "NAME": "Pulguero", "NAMELSAD": "Pulguero subbarrio", "LSAD": "51", "CLASSFP": "Z6", "MTFCC": "G4060", "FUNCSTAT": "N", "ALAND": 135882, "AWATER": 0, "INTPTLAT": "+18.4463231", "INTPTLON": "-066.0615382" }, "geometry": { "type": "MultiPolygon", "coordinates": [ [ [ [ -66.063252, 18.444205 ], [ -66.063291, 18.444059 ], [ -66.063238, 18.444066 ], [ -66.062512, 18.443797 ], [ -66.062439, 18.444203 ], [ -66.062292, 18.444212 ], [ -66.061589, 18.444256 ], [ -66.061469, 18.444264 ], [ -66.061334, 18.444277 ], [ -66.061128, 18.444285 ], [ -66.060723, 18.4443 ], [ -66.060492, 18.445124 ], [ -66.060447, 18.44533 ], [ -66.060416, 18.445478 ], [ -66.060323, 18.445904 ], [ -66.060287, 18.446064 ], [ -66.060221, 18.446173 ], [ -66.060069, 18.446424 ], [ -66.059976, 18.44658 ], [ -66.05986, 18.447054 ], [ -66.059634, 18.448087 ], [ -66.059595, 18.448212 ], [ -66.059547, 18.448371 ], [ -66.060056, 18.448358 ], [ -66.060304, 18.448354 ], [ -66.060509, 18.44835 ], [ -66.060803, 18.448337 ], [ -66.061078, 18.448347 ], [ -66.061658, 18.448328 ], [ -66.062092, 18.448343 ], [ -66.062572, 18.448378 ], [ -66.062597, 18.448259 ], [ -66.062629, 18.448107 ], [ -66.06272, 18.447502 ], [ -66.063013, 18.445666 ], [ -66.063252, 18.444205 ] ] ] ] } },
{ "type": "Feature", "properties": { "fid": 30, "STATEFP": "72", "COUNTYFP": "127", "COUSUBFP": "79693", "SUBMCDFP": "64240", "SUBMCDNS": "02415807", "GEOID": "721277969364240", "NAME": "Pozo del Hato", "NAMELSAD": "Pozo del Hato subbarrio", "LSAD": "51", "CLASSFP": "Z6", "MTFCC": "G4060", "FUNCSTAT": "N", "ALAND": 179043, "AWATER": 0, "INTPTLAT": "+18.4489327", "INTPTLON": "-066.0686048" }, "geometry": { "type": "MultiPolygon", "coordinates": [ [ [ [ -66.06827, 18.451091 ], [ -66.068044, 18.450979 ], [ -66.067482, 18.45073 ], [ -66.067448, 18.450854 ], [ -66.067411, 18.450985 ], [ -66.067341, 18.451129 ], [ -66.067145, 18.45157 ], [ -66.067165, 18.451575 ], [ -66.067634, 18.451535 ], [ -66.067699, 18.451493 ], [ -66.067749, 18.451471 ], [ -66.06827, 18.451091 ] ] ], [ [ [ -66.071415, 18.448454 ], [ -66.071145, 18.448237 ], [ -66.069813, 18.447218 ], [ -66.069542, 18.447017 ], [ -66.069436, 18.446937 ], [ -66.069395, 18.446906 ], [ -66.069259, 18.446796 ], [ -66.069124, 18.446706 ], [ -66.068788, 18.446451 ], [ -66.068583, 18.446298 ], [ -66.068394, 18.446156 ], [ -66.068329, 18.446108 ], [ -66.067612, 18.447193 ], [ -66.067246, 18.447759 ], [ -66.067038, 18.448099 ], [ -66.066449, 18.449034 ], [ -66.066158, 18.449541 ], [ -66.066128, 18.449592 ], [ -66.066058, 18.44971 ], [ -66.06598, 18.449829 ], [ -66.065938, 18.449894 ], [ -66.066287, 18.450063 ], [ -66.066703, 18.450265 ], [ -66.067117, 18.450455 ], [ -66.067555, 18.450664 ], [ -66.067897, 18.450826 ], [ -66.068001, 18.450867 ], [ -66.068291, 18.451027 ], [ -66.068351, 18.45106 ], [ -66.068406, 18.45109 ], [ -66.068487, 18.451131 ], [ -66.068866, 18.451305 ], [ -66.068934, 18.451234 ], [ -66.06901, 18.451154 ], [ -66.069104, 18.451114 ], [ -66.069169, 18.451042 ], [ -66.069479, 18.450688 ], [ -66.069498, 18.450665 ], [ -66.069807, 18.450313 ], [ -66.069927, 18.450178 ], [ -66.07013, 18.449929 ], [ -66.070674, 18.449302 ], [ -66.071415, 18.448454 ] ] ] ] } },
{ "type": "Feature", "properties": { "fid": 31, "STATEFP": "72", "COUNTYFP": "127", "COUSUBFP": "79693", "SUBMCDFP": "09565", "SUBMCDNS": "02415195", "GEOID": "721277969309565", "NAME": "Buenos Aires", "NAMELSAD": "Buenos Aires subbarrio", "LSAD": "51", "CLASSFP": "Z6", "MTFCC": "G4060", "FUNCSTAT": "N", "ALAND": 463202, "AWATER": 39241, "INTPTLAT": "+18.4390803", "INTPTLON": "-066.0637420" }, "geometry": { "type": "MultiPolygon", "coordinates": [ [ [ [ -66.060899, 18.432947 ], [ -66.060765, 18.432967 ], [ -66.060356, 18.43323 ], [ -66.060436, 18.433481 ], [ -66.060441, 18.433497 ], [ -66.060477, 18.433628 ], [ -66.06063, 18.434193 ], [ -66.06064, 18.434822 ], [ -66.060646, 18.435084 ], [ -66.060527, 18.435593 ], [ -66.060487, 18.435771 ], [ -66.060455, 18.435913 ], [ -66.060432, 18.436014 ], [ -66.060428, 18.436032 ], [ -66.060418, 18.436061 ], [ -66.061001, 18.436686 ], [ -66.061392, 18.437207 ], [ -66.06093, 18.437258 ], [ -66.061115, 18.437487 ], [ -66.061572, 18.438087 ], [ -66.061938, 18.438562 ], [ -66.062259, 18.438959 ], [ -66.062355, 18.439067 ], [ -66.062889, 18.439487 ], [ -66.063604, 18.439866 ], [ -66.063984, 18.439953 ], [ -66.064781, 18.440105 ], [ -66.064846, 18.440117 ], [ -66.065344, 18.440193 ], [ -66.065904, 18.440283 ], [ -66.066709, 18.440394 ], [ -66.066981, 18.440439 ], [ -66.067133, 18.440465 ], [ -66.06773, 18.440563 ], [ -66.067797, 18.440574 ], [ -66.067871, 18.440587 ], [ -66.068042, 18.440615 ], [ -66.068582, 18.440691 ], [ -66.068646, 18.440447 ], [ -66.068702, 18.440209 ], [ -66.068717, 18.440142 ], [ -66.068763, 18.439992 ], [ -66.068911, 18.439724 ], [ -66.069193, 18.439195 ], [ -66.069899, 18.436493 ], [ -66.069959, 18.436348 ], [ -66.069836, 18.436306 ], [ -66.069333, 18.436217 ], [ -66.068942, 18.436128 ], [ -66.068552, 18.436021 ], [ -66.068235, 18.435933 ], [ -66.067993, 18.435843 ], [ -66.067602, 18.435666 ], [ -66.067322, 18.435524 ], [ -66.067006, 18.435381 ], [ -66.066652, 18.435168 ], [ -66.066392, 18.435079 ], [ -66.066131, 18.434973 ], [ -66.065833, 18.434901 ], [ -66.065517, 18.434866 ], [ -66.065331, 18.43483 ], [ -66.065126, 18.434884 ], [ -66.064772, 18.435026 ], [ -66.064548, 18.435115 ], [ -66.064288, 18.43524 ], [ -66.063884, 18.435269 ], [ -66.063751, 18.435321 ], [ -66.063625, 18.435243 ], [ -66.063506, 18.435222 ], [ -66.063282, 18.435115 ], [ -66.063096, 18.435008 ], [ -66.062835, 18.434777 ], [ -66.062575, 18.434475 ], [ -66.062445, 18.434297 ], [ -66.062351, 18.434138 ], [ -66.06224, 18.433907 ], [ -66.062232, 18.433885 ], [ -66.061845, 18.433313 ], [ -66.0617, 18.433195 ], [ -66.061532, 18.433107 ], [ -66.06129, 18.432982 ], [ -66.060899, 18.432947 ] ] ] ] } },
{ "type": "Feature", "properties": { "fid": 32, "STATEFP": "72", "COUNTYFP": "127", "COUSUBFP": "79693", "SUBMCDFP": "46458", "SUBMCDNS": "02415596", "GEOID": "721277969346458", "NAME": "Loíza", "NAMELSAD": "Loíza subbarrio", "LSAD": "51", "CLASSFP": "Z6", "MTFCC": "G4060", "FUNCSTAT": "N", "ALAND": 319905, "AWATER": 0, "INTPTLAT": "+18.4482181", "INTPTLON": "-066.0529340" }, "geometry": { "type": "MultiPolygon", "coordinates": [ [ [ [ -66.056301, 18.447942 ], [ -66.056302, 18.447821 ], [ -66.055949, 18.44775 ], [ -66.055957, 18.447617 ], [ -66.055963, 18.447517 ], [ -66.056079, 18.447107 ], [ -66.055621, 18.447029 ], [ -66.05555, 18.44702 ], [ -66.055145, 18.446918 ], [ -66.054783, 18.446825 ], [ -66.054438, 18.446745 ], [ -66.054013, 18.44665 ], [ -66.053703, 18.446581 ], [ -66.053363, 18.44651 ], [ -66.052992, 18.446429 ], [ -66.053332, 18.445136 ], [ -66.053144, 18.445096 ], [ -66.052863, 18.445038 ], [ -66.052411, 18.444951 ], [ -66.051823, 18.444822 ], [ -66.051255, 18.444705 ], [ -66.050627, 18.447026 ], [ -66.050604, 18.447122 ], [ -66.050573, 18.447256 ], [ -66.049582, 18.447177 ], [ -66.049581, 18.447277 ], [ -66.049502, 18.44844 ], [ -66.049477, 18.448679 ], [ -66.049373, 18.44967 ], [ -66.049545, 18.449694 ], [ -66.050349, 18.449806 ], [ -66.051306, 18.449933 ], [ -66.051537, 18.449954 ], [ -66.051877, 18.449994 ], [ -66.051946, 18.450003 ], [ -66.052313, 18.450093 ], [ -66.052756, 18.45027 ], [ -66.05316, 18.450441 ], [ -66.053189, 18.450453 ], [ -66.053512, 18.450585 ], [ -66.053629, 18.450633 ], [ -66.054064, 18.45077 ], [ -66.054655, 18.450909 ], [ -66.055156, 18.450982 ], [ -66.055609, 18.451047 ], [ -66.055944, 18.451084 ], [ -66.056003, 18.451087 ], [ -66.056162, 18.449255 ], [ -66.056203, 18.448429 ], [ -66.056301, 18.447942 ] ] ] ] } },
{ "type": "Feature", "properties": { "fid": 33, "STATEFP": "72", "COUNTYFP": "127", "COUSUBFP": "79693", "SUBMCDFP": "80140", "SUBMCDNS": "02416031", "GEOID": "721277969380140", "NAME": "Shanghai", "NAMELSAD": "Shanghai subbarrio", "LSAD": "51", "CLASSFP": "Z6", "MTFCC": "G4060", "FUNCSTAT": "N", "ALAND": 705038, "AWATER": 19056, "INTPTLAT": "+18.4470829", "INTPTLON": "-066.0431567" }, "geometry": { "type": "MultiPolygon", "coordinates": [ [ [ [ -66.037403, 18.449077 ], [ -66.037392, 18.449094 ], [ -66.037563, 18.449269 ], [ -66.03775, 18.44946 ], [ -66.038459, 18.45051 ], [ -66.038911, 18.451175 ], [ -66.039236, 18.451626 ], [ -66.039371, 18.451681 ], [ -66.039511, 18.451688 ], [ -66.039548, 18.451686 ], [ -66.0399, 18.451579 ], [ -66.040007, 18.451539 ], [ -66.040589, 18.451321 ], [ -66.041302, 18.451029 ], [ -66.041355, 18.45099 ], [ -66.041472, 18.450906 ], [ -66.04165, 18.450785 ], [ -66.042096, 18.450481 ], [ -66.042236, 18.450404 ], [ -66.042739, 18.450134 ], [ -66.043494, 18.449728 ], [ -66.044223, 18.449337 ], [ -66.044678, 18.449149 ], [ -66.044978, 18.449137 ], [ -66.045952, 18.44924 ], [ -66.047611, 18.449424 ], [ -66.047675, 18.448151 ], [ -66.047708, 18.447428 ], [ -66.047723, 18.447127 ], [ -66.047733, 18.447048 ], [ -66.047751, 18.446912 ], [ -66.047777, 18.446724 ], [ -66.048213, 18.446743 ], [ -66.048287, 18.446588 ], [ -66.048586, 18.445893 ], [ -66.049296, 18.44415 ], [ -66.048897, 18.443986 ], [ -66.04852, 18.443811 ], [ -66.048143, 18.44365 ], [ -66.047792, 18.443492 ], [ -66.047766, 18.443481 ], [ -66.047366, 18.443297 ], [ -66.04696, 18.443135 ], [ -66.04692, 18.443101 ], [ -66.046507, 18.442985 ], [ -66.046133, 18.442871 ], [ -66.045776, 18.442746 ], [ -66.045385, 18.442605 ], [ -66.045171, 18.442542 ], [ -66.044585, 18.442235 ], [ -66.044073, 18.442001 ], [ -66.04309, 18.442122 ], [ -66.043187, 18.441935 ], [ -66.043165, 18.441865 ], [ -66.043165, 18.441837 ], [ -66.043168, 18.441824 ], [ -66.043175, 18.441808 ], [ -66.043173, 18.441785 ], [ -66.043164, 18.441694 ], [ -66.043161, 18.44166 ], [ -66.043156, 18.441616 ], [ -66.043146, 18.441594 ], [ -66.043141, 18.441586 ], [ -66.043136, 18.441576 ], [ -66.043128, 18.441563 ], [ -66.043125, 18.44154 ], [ -66.043117, 18.441531 ], [ -66.043105, 18.441515 ], [ -66.043092, 18.441497 ], [ -66.043084, 18.441488 ], [ -66.043055, 18.44146 ], [ -66.043035, 18.441429 ], [ -66.042826, 18.44172 ], [ -66.041909, 18.442994 ], [ -66.043098, 18.444034 ], [ -66.043081, 18.44405 ], [ -66.043086, 18.444054 ], [ -66.043071, 18.444077 ], [ -66.043062, 18.444091 ], [ -66.043043, 18.444136 ], [ -66.043024, 18.444164 ], [ -66.042985, 18.444173 ], [ -66.042969, 18.444174 ], [ -66.042659, 18.444487 ], [ -66.042568, 18.444579 ], [ -66.042469, 18.444677 ], [ -66.04209, 18.445019 ], [ -66.041808, 18.445274 ], [ -66.041706, 18.445354 ], [ -66.041681, 18.445373 ], [ -66.041076, 18.445946 ], [ -66.040568, 18.446426 ], [ -66.040558, 18.446425 ], [ -66.040448, 18.44653 ], [ -66.040388, 18.446525 ], [ -66.039482, 18.446463 ], [ -66.038248, 18.446367 ], [ -66.038258, 18.446404 ], [ -66.038258, 18.446423 ], [ -66.038228, 18.446999 ], [ -66.038202, 18.44729 ], [ -66.038171, 18.447622 ], [ -66.038099, 18.447976 ], [ -66.038073, 18.448097 ], [ -66.03787, 18.44842 ], [ -66.037796, 18.448539 ], [ -66.037403, 18.449077 ] ] ] ] } },
{ "type": "Feature", "properties": { "fid": 34, "STATEFP": "72", "COUNTYFP": "127", "COUSUBFP": "79693", "SUBMCDFP": "19900", "SUBMCDNS": "02415000", "GEOID": "721277969319900", "NAME": "Condadito", "NAMELSAD": "Condadito subbarrio", "LSAD": "51", "CLASSFP": "Z6", "MTFCC": "G4060", "FUNCSTAT": "N", "ALAND": 80415, "AWATER": 0, "INTPTLAT": "+18.4507878", "INTPTLON": "-066.0698920" }, "geometry": { "type": "MultiPolygon", "coordinates": [ [ [ [ -66.069864, 18.452125 ], [ -66.069936, 18.451898 ], [ -66.069822, 18.451847 ], [ -66.069374, 18.451636 ], [ -66.068837, 18.451479 ], [ -66.068468, 18.451195 ], [ -66.068393, 18.451159 ], [ -66.068342, 18.451136 ], [ -66.06827, 18.451091 ], [ -66.067749, 18.451471 ], [ -66.067699, 18.451493 ], [ -66.067634, 18.451535 ], [ -66.067165, 18.451575 ], [ -66.067066, 18.452394 ], [ -66.067516, 18.452452 ], [ -66.067904, 18.452493 ], [ -66.068113, 18.452332 ], [ -66.068832, 18.452245 ], [ -66.068856, 18.452242 ], [ -66.069804, 18.452131 ], [ -66.069864, 18.452125 ] ] ], [ [ [ -66.072379, 18.449206 ], [ -66.072044, 18.448951 ], [ -66.071415, 18.448454 ], [ -66.070674, 18.449302 ], [ -66.07013, 18.449929 ], [ -66.069927, 18.450178 ], [ -66.069807, 18.450313 ], [ -66.069498, 18.450665 ], [ -66.069479, 18.450688 ], [ -66.069169, 18.451042 ], [ -66.069104, 18.451114 ], [ -66.06901, 18.451154 ], [ -66.068934, 18.451234 ], [ -66.068866, 18.451305 ], [ -66.068914, 18.45133 ], [ -66.069065, 18.451402 ], [ -66.069818, 18.451741 ], [ -66.070134, 18.451876 ], [ -66.07034, 18.451956 ], [ -66.070369, 18.451875 ], [ -66.070413, 18.451756 ], [ -66.070545, 18.451417 ], [ -66.070603, 18.45127 ], [ -66.07105, 18.450741 ], [ -66.072379, 18.449206 ] ] ] ] } },
{ "type": "Feature", "properties": { "fid": 35, "STATEFP": "72", "COUNTYFP": "127", "COUSUBFP": "79693", "SUBMCDFP": "11675", "SUBMCDNS": "02415228", "GEOID": "721277969311675", "NAME": "Campo Alegre", "NAMELSAD": "Campo Alegre subbarrio", "LSAD": "51", "CLASSFP": "Z6", "MTFCC": "G4060", "FUNCSTAT": "N", "ALAND": 106798, "AWATER": 0, "INTPTLAT": "+18.4511968", "INTPTLON": "-066.0727218" }, "geometry": { "type": "MultiPolygon", "coordinates": [ [ [ [ -66.074532, 18.452004 ], [ -66.075069, 18.451223 ], [ -66.074431, 18.450789 ], [ -66.07413, 18.450561 ], [ -66.073261, 18.449904 ], [ -66.073217, 18.449862 ], [ -66.072965, 18.449666 ], [ -66.072652, 18.449419 ], [ -66.072379, 18.449206 ], [ -66.07105, 18.450741 ], [ -66.070603, 18.45127 ], [ -66.070545, 18.451417 ], [ -66.070413, 18.451756 ], [ -66.070679, 18.451893 ], [ -66.070946, 18.452001 ], [ -66.071191, 18.45212 ], [ -66.071482, 18.452262 ], [ -66.071682, 18.452345 ], [ -66.072104, 18.452443 ], [ -66.07259, 18.452471 ], [ -66.073807, 18.452548 ], [ -66.074098, 18.452617 ], [ -66.074532, 18.452004 ] ] ] ] } },
{ "type": "Feature", "properties": { "fid": 36, "STATEFP": "72", "COUNTYFP": "127", "COUSUBFP": "79693", "SUBMCDFP": "07090", "SUBMCDNS": "02415168", "GEOID": "721277969307090", "NAME": "Bayola", "NAMELSAD": "Bayola subbarrio", "LSAD": "51", "CLASSFP": "Z6", "MTFCC": "G4060", "FUNCSTAT": "N", "ALAND": 65316, "AWATER": 0, "INTPTLAT": "+18.4513290", "INTPTLON": "-066.0660963" }, "geometry": { "type": "MultiPolygon", "coordinates": [ [ [ [ -66.07034, 18.451956 ], [ -66.070134, 18.451876 ], [ -66.069818, 18.451741 ], [ -66.069065, 18.451402 ], [ -66.068914, 18.45133 ], [ -66.068866, 18.451305 ], [ -66.068487, 18.451131 ], [ -66.068406, 18.45109 ], [ -66.068351, 18.45106 ], [ -66.068291, 18.451027 ], [ -66.068001, 18.450867 ], [ -66.067897, 18.450826 ], [ -66.067555, 18.450664 ], [ -66.067117, 18.450455 ], [ -66.066703, 18.450265 ], [ -66.066287, 18.450063 ], [ -66.065938, 18.449894 ], [ -66.065811, 18.450067 ], [ -66.065659, 18.450217 ], [ -66.065383, 18.450493 ], [ -66.065196, 18.450686 ], [ -66.063891, 18.452065 ], [ -66.064947, 18.452232 ], [ -66.065189, 18.452256 ], [ -66.065483, 18.452282 ], [ -66.065849, 18.452306 ], [ -66.065929, 18.452311 ], [ -66.066509, 18.452332 ], [ -66.067066, 18.452394 ], [ -66.067165, 18.451575 ], [ -66.067145, 18.45157 ], [ -66.067341, 18.451129 ], [ -66.067411, 18.450985 ], [ -66.067448, 18.450854 ], [ -66.067482, 18.45073 ], [ -66.068044, 18.450979 ], [ -66.06827, 18.451091 ], [ -66.068342, 18.451136 ], [ -66.068393, 18.451159 ], [ -66.068468, 18.451195 ], [ -66.068837, 18.451479 ], [ -66.069374, 18.451636 ], [ -66.069822, 18.451847 ], [ -66.069936, 18.451898 ], [ -66.07034, 18.451956 ] ] ] ] } },
{ "type": "Feature", "properties": { "fid": 38, "STATEFP": "72", "COUNTYFP": "127", "COUSUBFP": "79693", "SUBMCDFP": "54327", "SUBMCDNS": "02415700", "GEOID": "721277969354327", "NAME": "Monteflores", "NAMELSAD": "Monteflores subbarrio", "LSAD": "51", "CLASSFP": "Z6", "MTFCC": "G4060", "FUNCSTAT": "N", "ALAND": 171787, "AWATER": 0, "INTPTLAT": "+18.4397855", "INTPTLON": "-066.0564586" }, "geometry": { "type": "MultiPolygon", "coordinates": [ [ [ [ -66.059779, 18.438604 ], [ -66.059858, 18.438544 ], [ -66.059749, 18.438379 ], [ -66.059579, 18.438124 ], [ -66.059448, 18.437813 ], [ -66.058992, 18.437878 ], [ -66.058763, 18.437907 ], [ -66.05855, 18.437922 ], [ -66.058279, 18.437956 ], [ -66.058063, 18.437963 ], [ -66.057573, 18.437947 ], [ -66.05709, 18.437888 ], [ -66.056715, 18.437836 ], [ -66.056618, 18.437825 ], [ -66.056155, 18.437761 ], [ -66.055688, 18.437698 ], [ -66.055212, 18.437635 ], [ -66.05502, 18.438643 ], [ -66.054939, 18.439023 ], [ -66.054823, 18.439634 ], [ -66.054711, 18.440215 ], [ -66.054683, 18.440359 ], [ -66.054614, 18.440704 ], [ -66.054519, 18.441214 ], [ -66.054401, 18.441651 ], [ -66.054232, 18.441992 ], [ -66.053991, 18.442485 ], [ -66.054597, 18.442844 ], [ -66.054677, 18.442892 ], [ -66.054741, 18.442929 ], [ -66.054917, 18.44303 ], [ -66.054939, 18.443049 ], [ -66.055304, 18.443267 ], [ -66.055954, 18.441523 ], [ -66.056207, 18.441323 ], [ -66.056676, 18.440956 ], [ -66.056889, 18.440809 ], [ -66.0577, 18.44019 ], [ -66.058363, 18.439682 ], [ -66.059173, 18.43907 ], [ -66.059779, 18.438604 ] ] ] ] } },
{ "type": "Feature", "properties": { "fid": 39, "STATEFP": "72", "COUNTYFP": "127", "COUSUBFP": "79693", "SUBMCDFP": "43880", "SUBMCDNS": "02415575", "GEOID": "721277969343880", "NAME": "Las Marías", "NAMELSAD": "Las Marías subbarrio", "LSAD": "51", "CLASSFP": "Z6", "MTFCC": "G4060", "FUNCSTAT": "N", "ALAND": 245019, "AWATER": 837826, "INTPTLAT": "+18.4538730", "INTPTLON": "-066.0396710" }, "geometry": { "type": "MultiPolygon", "coordinates": [ [ [ [ -66.043614, 18.453093 ], [ -66.043678, 18.453084 ], [ -66.043729, 18.4529 ], [ -66.043745, 18.452233 ], [ -66.043771, 18.451807 ], [ -66.043792, 18.451453 ], [ -66.043842, 18.450817 ], [ -66.04346, 18.450752 ], [ -66.043503, 18.450641 ], [ -66.043574, 18.45059 ], [ -66.044428, 18.450135 ], [ -66.044296, 18.449785 ], [ -66.044223, 18.449337 ], [ -66.043494, 18.449728 ], [ -66.042739, 18.450134 ], [ -66.042236, 18.450404 ], [ -66.042096, 18.450481 ], [ -66.04165, 18.450785 ], [ -66.041472, 18.450906 ], [ -66.041355, 18.45099 ], [ -66.041302, 18.451029 ], [ -66.040589, 18.451321 ], [ -66.040007, 18.451539 ], [ -66.0399, 18.451579 ], [ -66.039548, 18.451686 ], [ -66.039511, 18.451688 ], [ -66.039371, 18.451681 ], [ -66.039236, 18.451626 ], [ -66.038911, 18.451175 ], [ -66.038459, 18.45051 ], [ -66.03775, 18.44946 ], [ -66.037563, 18.449269 ], [ -66.037524, 18.449305 ], [ -66.036673, 18.45011 ], [ -66.036673, 18.450111 ], [ -66.036673, 18.450112 ], [ -66.036655, 18.450127 ], [ -66.036655, 18.450127 ], [ -66.036665, 18.450128 ], [ -66.036684, 18.450144 ], [ -66.036913, 18.450462 ], [ -66.036995, 18.450576 ], [ -66.037022, 18.450566 ], [ -66.03704, 18.450573 ], [ -66.037085, 18.450624 ], [ -66.037129, 18.450683 ], [ -66.037194, 18.450765 ], [ -66.03722, 18.450851 ], [ -66.037274, 18.450929 ], [ -66.037288, 18.450983 ], [ -66.037295, 18.451029 ], [ -66.037322, 18.451086 ], [ -66.037371, 18.451163 ], [ -66.03742, 18.451246 ], [ -66.037486, 18.451373 ], [ -66.037567, 18.45153 ], [ -66.037647, 18.451658 ], [ -66.03771, 18.451766 ], [ -66.037712, 18.451775 ], [ -66.037689, 18.451786 ], [ -66.037672, 18.451807 ], [ -66.037684, 18.451827 ], [ -66.037727, 18.451829 ], [ -66.037761, 18.451862 ], [ -66.037795, 18.451913 ], [ -66.037807, 18.45195 ], [ -66.037816, 18.452 ], [ -66.037811, 18.452047 ], [ -66.037817, 18.45208 ], [ -66.037849, 18.452146 ], [ -66.037876, 18.4522 ], [ -66.037894, 18.452263 ], [ -66.03792, 18.452306 ], [ -66.037972, 18.452375 ], [ -66.038006, 18.452441 ], [ -66.038045, 18.452517 ], [ -66.038071, 18.452585 ], [ -66.038087, 18.452626 ], [ -66.038103, 18.452704 ], [ -66.038108, 18.452768 ], [ -66.038117, 18.452823 ], [ -66.038144, 18.452877 ], [ -66.038186, 18.452942 ], [ -66.038198, 18.452967 ], [ -66.03822, 18.453013 ], [ -66.038251, 18.453083 ], [ -66.038253, 18.45315 ], [ -66.038256, 18.453211 ], [ -66.038239, 18.453255 ], [ -66.038259, 18.453318 ], [ -66.038275, 18.453359 ], [ -66.038325, 18.453412 ], [ -66.038357, 18.453437 ], [ -66.0384, 18.453483 ], [ -66.038453, 18.453573 ], [ -66.0385, 18.453659 ], [ -66.03852, 18.453733 ], [ -66.038526, 18.453803 ], [ -66.038507, 18.453856 ], [ -66.038511, 18.453918 ], [ -66.038523, 18.453974 ], [ -66.038539, 18.454008 ], [ -66.038575, 18.454053 ], [ -66.038603, 18.454084 ], [ -66.038625, 18.454115 ], [ -66.038651, 18.45416 ], [ -66.038685, 18.454245 ], [ -66.038725, 18.454343 ], [ -66.038732, 18.454373 ], [ -66.038749, 18.454405 ], [ -66.038769, 18.454427 ], [ -66.038802, 18.454439 ], [ -66.038829, 18.454447 ], [ -66.038878, 18.454458 ], [ -66.038932, 18.454465 ], [ -66.038991, 18.454475 ], [ -66.039069, 18.454485 ], [ -66.03914, 18.454498 ], [ -66.039174, 18.454519 ], [ -66.03919, 18.45453 ], [ -66.039221, 18.45456 ], [ -66.039234, 18.454573 ], [ -66.039322, 18.454553 ], [ -66.039425, 18.45453 ], [ -66.039426, 18.45452 ], [ -66.039428, 18.454496 ], [ -66.039462, 18.454487 ], [ -66.039496, 18.454468 ], [ -66.039508, 18.454455 ], [ -66.039524, 18.454435 ], [ -66.039563, 18.454419 ], [ -66.039608, 18.454403 ], [ -66.039678, 18.454382 ], [ -66.039731, 18.454374 ], [ -66.039793, 18.454366 ], [ -66.039849, 18.454358 ], [ -66.039922, 18.454336 ], [ -66.039989, 18.454318 ], [ -66.040066, 18.454287 ], [ -66.040154, 18.454251 ], [ -66.040185, 18.454243 ], [ -66.040221, 18.454236 ], [ -66.040279, 18.454223 ], [ -66.040323, 18.454211 ], [ -66.040376, 18.454183 ], [ -66.040417, 18.454171 ], [ -66.040469, 18.454156 ], [ -66.040518, 18.454137 ], [ -66.040548, 18.454138 ], [ -66.040572, 18.454121 ], [ -66.040576, 18.454102 ], [ -66.040595, 18.454096 ], [ -66.040616, 18.454092 ], [ -66.04066, 18.454085 ], [ -66.040713, 18.454079 ], [ -66.040823, 18.454065 ], [ -66.040867, 18.454061 ], [ -66.040879, 18.454063 ], [ -66.040922, 18.454058 ], [ -66.040967, 18.454053 ], [ -66.041014, 18.454046 ], [ -66.041057, 18.454037 ], [ -66.041092, 18.454027 ], [ -66.041179, 18.45399 ], [ -66.041189, 18.453978 ], [ -66.041193, 18.453963 ], [ -66.041197, 18.453953 ], [ -66.041198, 18.453938 ], [ -66.041204, 18.453924 ], [ -66.041239, 18.453917 ], [ -66.041268, 18.453929 ], [ -66.041291, 18.453941 ], [ -66.041364, 18.453922 ], [ -66.041421, 18.4539 ], [ -66.041497, 18.453868 ], [ -66.041576, 18.453826 ], [ -66.041644, 18.453791 ], [ -66.041713, 18.453761 ], [ -66.041765, 18.453737 ], [ -66.041794, 18.453718 ], [ -66.041824, 18.453713 ], [ -66.04185, 18.453718 ], [ -66.041884, 18.453723 ], [ -66.041946, 18.453698 ], [ -66.041997, 18.453672 ], [ -66.042045, 18.453652 ], [ -66.042084, 18.453643 ], [ -66.042124, 18.453626 ], [ -66.04218, 18.453598 ], [ -66.042229, 18.453569 ], [ -66.04232, 18.45354 ], [ -66.042374, 18.453514 ], [ -66.042414, 18.453497 ], [ -66.042414, 18.453497 ], [ -66.042473, 18.453481 ], [ -66.042527, 18.453441 ], [ -66.042552, 18.453422 ], [ -66.042574, 18.453406 ], [ -66.042596, 18.453389 ], [ -66.042645, 18.453359 ], [ -66.042713, 18.453329 ], [ -66.04277, 18.453313 ], [ -66.04284, 18.453297 ], [ -66.042888, 18.453286 ], [ -66.04294, 18.453264 ], [ -66.043023, 18.453244 ], [ -66.043146, 18.453207 ], [ -66.043208, 18.453194 ], [ -66.043298, 18.453183 ], [ -66.043373, 18.453171 ], [ -66.043463, 18.453141 ], [ -66.043533, 18.453116 ], [ -66.043614, 18.453093 ] ] ] ] } },
{ "type": "Feature", "properties": { "fid": 40, "STATEFP": "72", "COUNTYFP": "127", "COUSUBFP": "79693", "SUBMCDFP": "79830", "SUBMCDNS": "02416028", "GEOID": "721277969379830", "NAME": "Seboruco", "NAMELSAD": "Seboruco subbarrio", "LSAD": "51", "CLASSFP": "Z6", "MTFCC": "G4060", "FUNCSTAT": "N", "ALAND": 170634, "AWATER": 0, "INTPTLAT": "+18.4457603", "INTPTLON": "-066.0567824" }, "geometry": { "type": "MultiPolygon", "coordinates": [ [ [ [ -66.058713, 18.445469 ], [ -66.058961, 18.444134 ], [ -66.05846, 18.444084 ], [ -66.058041, 18.444041 ], [ -66.057585, 18.443989 ], [ -66.057356, 18.443969 ], [ -66.056955, 18.443929 ], [ -66.056545, 18.443907 ], [ -66.056364, 18.443872 ], [ -66.05616, 18.443774 ], [ -66.055814, 18.443568 ], [ -66.055713, 18.443506 ], [ -66.055304, 18.443267 ], [ -66.054969, 18.444643 ], [ -66.054781, 18.445424 ], [ -66.054671, 18.445835 ], [ -66.054438, 18.446745 ], [ -66.054783, 18.446825 ], [ -66.055145, 18.446918 ], [ -66.05555, 18.44702 ], [ -66.055621, 18.447029 ], [ -66.056079, 18.447107 ], [ -66.055963, 18.447517 ], [ -66.055957, 18.447617 ], [ -66.055949, 18.44775 ], [ -66.056302, 18.447821 ], [ -66.057094, 18.448001 ], [ -66.057734, 18.448129 ], [ -66.057862, 18.448155 ], [ -66.058237, 18.448231 ], [ -66.058244, 18.448099 ], [ -66.058251, 18.447981 ], [ -66.058521, 18.446539 ], [ -66.058713, 18.445469 ] ] ] ] } },
{ "type": "Feature", "properties": { "fid": 41, "STATEFP": "72", "COUNTYFP": "127", "COUSUBFP": "79693", "SUBMCDFP": "53090", "SUBMCDNS": "02415676", "GEOID": "721277969353090", "NAME": "Merhoff", "NAMELSAD": "Merhoff subbarrio", "LSAD": "51", "CLASSFP": "Z6", "MTFCC": "G4060", "FUNCSTAT": "N", "ALAND": 328323, "AWATER": 384954, "INTPTLAT": "+18.4362953", "INTPTLON": "-066.0369818" }, "geometry": { "type": "MultiPolygon", "coordinates": [ [ [ [ -66.042936, 18.44016 ], [ -66.0419, 18.442986 ], [ -66.041909, 18.442994 ], [ -66.042826, 18.44172 ], [ -66.043035, 18.441429 ], [ -66.043055, 18.44146 ], [ -66.043084, 18.441488 ], [ -66.043092, 18.441497 ], [ -66.043105, 18.441515 ], [ -66.043117, 18.441531 ], [ -66.043125, 18.44154 ], [ -66.043128, 18.441563 ], [ -66.043136, 18.441576 ], [ -66.043141, 18.441586 ], [ -66.043146, 18.441594 ], [ -66.043156, 18.441616 ], [ -66.043161, 18.44166 ], [ -66.043164, 18.441694 ], [ -66.043173, 18.441785 ], [ -66.043175, 18.441808 ], [ -66.043168, 18.441824 ], [ -66.043165, 18.441837 ], [ -66.043165, 18.441865 ], [ -66.043187, 18.441935 ], [ -66.04309, 18.442122 ], [ -66.044073, 18.442001 ], [ -66.044585, 18.442235 ], [ -66.045171, 18.442542 ], [ -66.045385, 18.442605 ], [ -66.045776, 18.442746 ], [ -66.046133, 18.442871 ], [ -66.046507, 18.442985 ], [ -66.04692, 18.443101 ], [ -66.04696, 18.443135 ], [ -66.047366, 18.443297 ], [ -66.047766, 18.443481 ], [ -66.047792, 18.443492 ], [ -66.048143, 18.44365 ], [ -66.049486, 18.440144 ], [ -66.046989, 18.439008 ], [ -66.046606, 18.438775 ], [ -66.046283, 18.438515 ], [ -66.046001, 18.438273 ], [ -66.045666, 18.437985 ], [ -66.045665, 18.437984 ], [ -66.045586, 18.437913 ], [ -66.045471, 18.43782 ], [ -66.045147, 18.43756 ], [ -66.045114, 18.437524 ], [ -66.044908, 18.437459 ], [ -66.04458, 18.437356 ], [ -66.044448, 18.437315 ], [ -66.044321, 18.437276 ], [ -66.04354, 18.437032 ], [ -66.04333, 18.436966 ], [ -66.042677, 18.436768 ], [ -66.042658, 18.436761 ], [ -66.041756, 18.436463 ], [ -66.041346, 18.436328 ], [ -66.041054, 18.436241 ], [ -66.040628, 18.436116 ], [ -66.040032, 18.435943 ], [ -66.039702, 18.435854 ], [ -66.039547, 18.435812 ], [ -66.039477, 18.435792 ], [ -66.039169, 18.435728 ], [ -66.038963, 18.435676 ], [ -66.038639, 18.435585 ], [ -66.03847, 18.435526 ], [ -66.03807, 18.435418 ], [ -66.037988, 18.435394 ], [ -66.037263, 18.435179 ], [ -66.036989, 18.435987 ], [ -66.036834, 18.436017 ], [ -66.036376, 18.436107 ], [ -66.036305, 18.436135 ], [ -66.036241, 18.435331 ], [ -66.035759, 18.435347 ], [ -66.035398, 18.435318 ], [ -66.035176, 18.435289 ], [ -66.035086, 18.435279 ], [ -66.034969, 18.435196 ], [ -66.03478, 18.434948 ], [ -66.034465, 18.434633 ], [ -66.034127, 18.434473 ], [ -66.033716, 18.434369 ], [ -66.033654, 18.434357 ], [ -66.033655, 18.434369 ], [ -66.033659, 18.434417 ], [ -66.033875, 18.434705 ], [ -66.033953, 18.435124 ], [ -66.033845, 18.435523 ], [ -66.034031, 18.435868 ], [ -66.034296, 18.436258 ], [ -66.034404, 18.436714 ], [ -66.03452, 18.436874 ], [ -66.035141, 18.43697 ], [ -66.035353, 18.436928 ], [ -66.035975, 18.436733 ], [ -66.036568, 18.436514 ], [ -66.036942, 18.436356 ], [ -66.037226, 18.436422 ], [ -66.037371, 18.436569 ], [ -66.03789, 18.436747 ], [ -66.038666, 18.436945 ], [ -66.039485, 18.436996 ], [ -66.039628, 18.437071 ], [ -66.039761, 18.437366 ], [ -66.039911, 18.437313 ], [ -66.040122, 18.437434 ], [ -66.040327, 18.437661 ], [ -66.040504, 18.437734 ], [ -66.040892, 18.437934 ], [ -66.040981, 18.438129 ], [ -66.040953, 18.438166 ], [ -66.041017, 18.438473 ], [ -66.04133, 18.439145 ], [ -66.041472, 18.439303 ], [ -66.041893, 18.439643 ], [ -66.042163, 18.439741 ], [ -66.042383, 18.439727 ], [ -66.042911, 18.439928 ], [ -66.042936, 18.44016 ] ] ] ] } },
{ "type": "Feature", "properties": { "fid": 42, "STATEFP": "72", "COUNTYFP": "127", "COUSUBFP": "79693", "SUBMCDFP": "07945", "SUBMCDNS": "02415178", "GEOID": "721277969307945", "NAME": "Bolívar", "NAMELSAD": "Bolívar subbarrio", "LSAD": "51", "CLASSFP": "Z6", "MTFCC": "G4060", "FUNCSTAT": "N", "ALAND": 169725, "AWATER": 0, "INTPTLAT": "+18.4420819", "INTPTLON": "-066.0659989" }, "geometry": { "type": "MultiPolygon", "coordinates": [ [ [ [ -66.068375, 18.441278 ], [ -66.068582, 18.440691 ], [ -66.068042, 18.440615 ], [ -66.067871, 18.440587 ], [ -66.067797, 18.440574 ], [ -66.06773, 18.440563 ], [ -66.067133, 18.440465 ], [ -66.066981, 18.440439 ], [ -66.066709, 18.440394 ], [ -66.065904, 18.440283 ], [ -66.065344, 18.440193 ], [ -66.064846, 18.440117 ], [ -66.06478, 18.44021 ], [ -66.064644, 18.440403 ], [ -66.064206, 18.440869 ], [ -66.063737, 18.441396 ], [ -66.063132, 18.442068 ], [ -66.063911, 18.442702 ], [ -66.064481, 18.443172 ], [ -66.064792, 18.443413 ], [ -66.065556, 18.443984 ], [ -66.06648, 18.444696 ], [ -66.067204, 18.443852 ], [ -66.0676, 18.4433 ], [ -66.067859, 18.442744 ], [ -66.068074, 18.442156 ], [ -66.068264, 18.441613 ], [ -66.068375, 18.441278 ] ] ] ] } },
{ "type": "Feature", "properties": { "fid": 43, "STATEFP": "72", "COUNTYFP": "127", "COUSUBFP": "79693", "SUBMCDFP": "53265", "SUBMCDNS": "02415679", "GEOID": "721277969353265", "NAME": "Minillas", "NAMELSAD": "Minillas subbarrio", "LSAD": "51", "CLASSFP": "Z6", "MTFCC": "G4060", "FUNCSTAT": "N", "ALAND": 216101, "AWATER": 0, "INTPTLAT": "+18.4483629", "INTPTLON": "-066.0653110" }, "geometry": { "type": "MultiPolygon", "coordinates": [ [ [ [ -66.068329, 18.446108 ], [ -66.067956, 18.445827 ], [ -66.067899, 18.445784 ], [ -66.067687, 18.445623 ], [ -66.067312, 18.445336 ], [ -66.067004, 18.445099 ], [ -66.066912, 18.445028 ], [ -66.06648, 18.444696 ], [ -66.066045, 18.445204 ], [ -66.065684, 18.445626 ], [ -66.065085, 18.446345 ], [ -66.064769, 18.446761 ], [ -66.06411, 18.447537 ], [ -66.063722, 18.448002 ], [ -66.063592, 18.448154 ], [ -66.063475, 18.448312 ], [ -66.063435, 18.448404 ], [ -66.063415, 18.448459 ], [ -66.063377, 18.448565 ], [ -66.063334, 18.448692 ], [ -66.063288, 18.448903 ], [ -66.063265, 18.449041 ], [ -66.063165, 18.44962 ], [ -66.063085, 18.450102 ], [ -66.063078, 18.450133 ], [ -66.062962, 18.450802 ], [ -66.062771, 18.451921 ], [ -66.063412, 18.452003 ], [ -66.063783, 18.452051 ], [ -66.063891, 18.452065 ], [ -66.065196, 18.450686 ], [ -66.065383, 18.450493 ], [ -66.065659, 18.450217 ], [ -66.065811, 18.450067 ], [ -66.065938, 18.449894 ], [ -66.06598, 18.449829 ], [ -66.066058, 18.44971 ], [ -66.066128, 18.449592 ], [ -66.066158, 18.449541 ], [ -66.066449, 18.449034 ], [ -66.067038, 18.448099 ], [ -66.067246, 18.447759 ], [ -66.067612, 18.447193 ], [ -66.068329, 18.446108 ] ] ] ] } }
]
}
